Workbook

Sheet original_dataset
A1: ORIGINAL DATASET
A4: store_id | B4: month | C4: region | D4: store_type | E4: marketing_spend | F4: footfall | G4: avg_discount_pct | H4: staff_count | I4: inventory_availability_pct | J4: competitor_distance_km | K4: holiday_flag | L4: customer_rating | M4: monthly_sales | N4: monthly_profit
A5: STR-1001 | B5: 45658 | C5: East | D5: Residential | E5: 70389.11 | F5: 8302 | G5: 0.042 | H5: 17 | I5: 75 | J5: 5.28 | K5: 1 | L5: 3.1 | M5: 658832.62 | N5: 84349.93
A6: STR-1001 | B6: 45689 | C6: East | D6: Residential | E6: 43827.89 | F6: 8487 | G6: 0.168 | H6: 23 | I6: 84.4 | J6: 4.31 | K6: 0 | L6: 2.8 | M6: 634436 | N6: 106130.54
A7: STR-1001 | B7: 45717 | C7: East | D7: Residential | E7: 59921.75 | F7: 9113 | G7: 0.133 | H7: 20 | I7: 88 | J7: 12 | K7: 0 | L7: 3.2 | M7: 678722.06 | N7: 101883.86
A8: STR-1001 | B8: 45748 | C8: East | D8: Residential | E8: 56856.63 | F8: 9431 | G8: 0.142 | H8: 23 | I8: 86.9 | J8: 4.97 | K8: 0 | L8: 3.4 | M8: 658920.3 | N8: 97910.37
A9: STR-1002 | B9: 45658 | C9: East | D9: High Street | E9: 48412.64 | F9: 9545 | G9: 0.231 | H9: 21 | I9: 97.6 | J9: 6.94 | K9: 1 | L9: 4.2 | M9: 741341.44 | N9: 119208.17
A10: STR-1002 | B10: 45689 | C10: East | D10: High Street | E10: 64811.21 | F10: 9792 | G10: 0.112 | H10: 20 | I10: 84.2 | J10: 2.88 | K10: 0 | L10: 4.2 | M10: 761835.34 | N10: 149602.23
A11: STR-1002 | B11: 45717 | C11: East | D11: High Street | E11: 46213.45 | F11: 10616 | G11: 0.122 | H11: 22 | I11: 85.2 | J11: 0.2 | K11: 1 | L11: 4.1 | M11: 806615.54 | N11: 131364.62
A12: STR-1002 | B12: 45748 | C12: East | D12: High Street | E12: 68148.52 | F12: 8567 | G12: 0.127 | H12: 23 | I12: 95.6 | J12: 0.8 | K12: 0 | L12: 3.9 | M12: 850164.26 | N12: 149262.75
A13: STR-1003 | B13: 45658 | C13: North | D13: Airport | E13: 71838.86 | F13: 10979 | G13: 0.215 | H13: 26 | I13: 88.6 | J13: 7.7 | K13: 1 | L13: 3.8 | M13: 930581.7 | N13: 136207.98
A14: STR-1003 | B14: 45689 | C14: North | D14: Airport | E14: 68133.44 | F14: 9459 | G14: 0.22 | H14: 21 | I14: 85 | J14: 1.91 | K14: 0 | L14: 4.2 | M14: 779010.94 | N14: 106328.09
A15: STR-1003 | B15: 45717 | C15: North | D15: Airport | E15: 34285.21 | F15: 9172 | G15: 0.213 | H15: 22 | I15: 88.3 | J15: 10.46 | K15: 1 | L15: 3.8 | M15: 723060.76 | N15: 123131.24
A16: STR-1003 | B16: 45748 | C16: North | D16: Airport | E16: 67979.88 | F16: 11230 | G16: 0.002 | H16: 28 | I16: 85.3 | J16: 7.16 | K16: 0 | L16: 3.8 | M16: 910791.94 | N16: 158891.28
... A37: STR-1009 | B37: 45658 | C37: North | D37: Residential | E37: 54597.83 | F37: 9429 | G37: 0.188 | H37: 21 | I37: 83.3 | J37: 11.71 | K37: 0 | L37: 4.2 | M37: 641865.03 | N37: 81342.58
A38: STR-1009 | B38: 45689 | C38: North | D38: Residential | E38: 73771.91 | F38: 11695 | G38: 0.07 | H38: 25 | I38: 84.7 | J38: 0.62 | K38: 0 | M38: 799477.76 | N38: 164974.41
A39: STR-1009 | B39: 45717 | C39: North | D39: Residential | E39: 74413.88 | F39: 9449 | G39: 0.039 | H39: 23 | I39: 92.1 | J39: 2.12 | K39: 0 | L39: 3.5 | M39: 798952.17 | N39: 161499.04
A40: STR-1009 | B40: 45748 | C40: North | D40: Residential | E40: 52483.77 | F40: 10453 | G40: 0.247 | H40: 25 | I40: 99 | J40: 6.31 | K40: 0 | L40: 3.6 | M40: 800979.78 | N40: 149242.27
A41: STR-1010 | B41: 45658 | C41: North | D41: Mall | E41: 75269.87 | F41: 8838 | G41: 0.092 | H41: 21 | I41: 83.1 | J41: 9.56 | K41: 1 | L41: 4.2 | M41: 820593.93 | N41: 115860.06
A42: STR-1010 | B42: 45689 | C42: North | D42: Mall | E42: 61245.41 | F42: 8156 | G42: 0.156 | H42: 19 | I42: 92.9 | J42: 9.05 | K42: 0 | L42: 3.8 | M42: 718330.53 | N42: 93247.9
A43: STR-1010 | B43: 45717 | C43: North | D43: Mall | E43: 93381.26 | F43: 7562 | G43: 0.198 | H43: 19 | I43: 82.9 | J43: 5.05 | K43: 0 | L43: 4 | M43: 736633.4 | N43: 115654.66
A44: STR-1010 | B44: 45748 | C44: North | D44: Mall | E44: 65012.19 | F44: 9598 | G44: 0.085 | H44: 24 | I44: 98.3 | J44: 0.89 | K44: 0 | L44: 3.8 | M44: 828623.85 | N44: 167320.52
A45: STR-1011 | B45: 45658 | C45: East | D45: Mall | E45: 40462.94 | F45: 3660 | G45: 0.218 | H45: 11 | I45: 95.2 | J45: 5.57 | K45: 0 | L45: 4.4 | M45: 592195.85 | N45: 92291.56
A46: STR-1011 | B46: 45689 | C46: East | D46: Mall | E46: 46123.88 | F46: 3227 | G46: 0.143 | H46: 10 | I46: 75.4 | J46: 1.06 | K46: 0 | L46: 4.4 | M46: 532644.46 | N46: 60681.32
A47: STR-1011 | B47: 45717 | C47: East | D47: Mall | E47: 68077.54 | F47: 3360 | G47: 0.128 | H47: 14 | I47: 88.2 | J47: 1.24 | K47: 1 | L47: 4 | M47: 657429.18 | N47: 88919.74
A48: STR-1011 | B48: 45748 | C48: East | D48: Mall | E48: 64882.14 | F48: 3642 | G48: 0.019 | H48: 13 | I48: 87.8 | J48: 4.52 | K48: 0 | L48: 4.2 | M48: 605178 | N48: 106958.74
A49: STR-1012 | B49: 45658 | C49: West | D49: Residential | E49: 138855.51 | F49: 5145 | G49: 0.06 | H49: 17 | I49: 88.2 | J49: 9.58 | K49: 0 | L49: 3.2 | M49: 595467.6 | N49: 104276.46
A50: STR-1012 | B50: 45689 | C50: West | D50: Residential | E50: 63630.21 | F50: 4460 | G50: 0.235 | H50: 14 | I50: 98.6 | J50: 5.52 | K50: 0 | L50: 3.5 | M50: 599603.4 | N50: 112685.12
... A75: STR-1018 | B75: 45717 | C75: East | D75: High Street | E75: 60571.82 | F75: 3193 | G75: 0.197 | H75: 7 | I75: 99 | J75: 1.43 | K75: 0 | L75: 3.2 | M75: 605023.87 | N75: 98545.81
A76: STR-1018 | B76: 45748 | C76: East | D76: High Street | E76: 55081.16 | F76: 5485 | G76: 0.036 | H76: 12 | I76: 88 | K76: 0 | L76: 3.5 | M76: 674774.09 | N76: 141917.59
A77: STR-1019 | B77: 45658 | C77: East | D77: Residential | E77: 46201.46 | F77: 5918 | G77: 0.277 | H77: 13 | I77: 78.8 | J77: 4.91 | K77: 0 | L77: 4.5 | M77: 616069.41 | N77: 54453.99
A78: STR-1019 | B78: 45689 | C78: East | D78: Residential | E78: 53762.92 | F78: 6821 | G78: 0.066 | H78: 19 | I78: 94.6 | J78: 7.03 | K78: 0 | L78: 4.4 | M78: 630829.94 | N78: 117090.02
A79: STR-1019 | B79: 45717 | C79: East | D79: Residential | E79: 70144.78 | F79: 6806 | G79: 0.178 | H79: 20 | I79: 93.1 | J79: 0.28 | K79: 1 | L79: 4.3 | M79: 788087.68 | N79: 116803.42
A80: STR-1019 | B80: 45748 | C80: East | D80: Residential | E80: 58749.63 | F80: 8252 | G80: 0.203 | H80: 20 | I80: 85.2 | J80: 3.61 | K80: 0 | L80: 4.5 | M80: 680840.36 | N80: 68007.68
A81: STR-1020 | B81: 45658 | C81: South | D81: High Street | E81: 56973.18 | F81: 6662 | G81: 0.1 | H81: 15 | I81: 77.7 | J81: 7.52 | K81: 1 | L81: 3.2 | M81: 643657.47 | N81: 87022.45
A82: STR-1020 | B82: 45689 | C82: South | D82: High Street | E82: 54872.82 | F82: 5962 | G82: 0.064 | H82: 12 | I82: 85.4 | J82: 2.58 | K82: 0 | L82: 2.9 | M82: 691112.6 | N82: 109212.83
A83: STR-1020 | B83: 45717 | C83: South | D83: High Street | E83: 80562.81 | F83: 7470 | G83: 0.172 | H83: 16 | I83: 83.5 | J83: 2.29 | K83: 0 | L83: 3.3 | M83: 776922.17 | N83: 150701.93
A84: STR-1020 | B84: 45748 | C84: South | D84: High Street | E84: 77999.9 | F84: 5974 | G84: 0.252 | H84: 14 | I84: 81.3 | J84: 2.39 | K84: 0 | L84: 3.2 | M84: 636561.34 | N84: 93861.06
A85: STR-1021 | B85: 45658 | C85: West | D85: Mall | E85: 60881.01 | F85: 5410 | G85: 0.179 | H85: 15 | I85: 83.9 | J85: 5.24 | K85: 0 | L85: 4.6 | M85: 621369.58 | N85: 85493.64
A86: STR-1021 | B86: 45689 | C86: West | D86: Mall | E86: 60628.38 | F86: 4451 | G86: 0.095 | H86: 10 | I86: 89.6 | J86: 3.17 | K86: 0 | L86: 4.6 | M86: 682208.01 | N86: 110318.84
A87: STR-1021 | B87: 45717 | C87: West | D87: Mall | E87: 72731.14 | F87: 4644 | G87: 0.084 | H87: 15 | I87: 87.1 | J87: 2.66 | K87: 0 | L87: 4.6 | M87: 727241.86 | N87: 155810.3
A88: STR-1021 | B88: 45748 | C88: West | D88: Mall | E88: 36475.71 | F88: 3559 | G88: 0.03 | H88: 8 | I88: 83.6 | J88: 1.41 | K88: 0 | L88: 4.2 | M88: 569100.78 | N88: 104808.78
A89: STR-1022 | B89: 45658 | C89: West | D89: High Street | E89: 55388.11 | F89: 3091 | G89: 0.108 | H89: 7 | I89: 85.4 | J89: 7.34 | K89: 0 | L89: 4.9 | M89: 574436.29 | N89: 80271.99
A90: STR-1022 | B90: 45689 | C90: West | D90: High Street | E90: 88443.77 | F90: 4004 | G90: 0.206 | H90: 11 | I90: 91.9 | J90: 5.95 | K90: 0 | M90: 611766.72 | N90: 88275.61
A91: STR-1022 | B91: 45717 | C91: West | D91: High Street | E91: 78231.91 | F91: 3788 | G91: 0.059 | H91: 11 | I91: 88.5 | J91: 15.51 | K91: 0 | L91: 4.3 | M91: 614596.32 | N91: 131199.41
A92: STR-1022 | B92: 45748 | C92: West | D92: High Street | E92: 18996.32 | F92: 1260 | G92: 0.145 | H92: 9 | I92: 86.4 | J92: 4.31 | K92: 0 | L92: 4.6 | M92: 450711.92 | N92: 90043.76
A93: STR-1023 | B93: 45658 | C93: South | D93: Mall | E93: 50517.94 | F93: 7024 | G93: 0.029 | H93: 18 | I93: 79.2 | J93: 6.61 | K93: 1 | L93: 4.1 | M93: 711213.46 | N93: 105863.26
A94: STR-1023 | B94: 45689 | C94: South | D94: Mall | E94: 141540.29 | F94: 5400 | G94: 0.013 | H94: 12 | I94: 87 | J94: 4.26 | K94: 0 | L94: 4.5 | M94: 627171.9 | N94: 105772.75
A95: STR-1023 | B95: 45717 | C95: South | D95: Mall | E95: 82116.19 | F95: 5988 | G95: 0.04 | H95: 17 | I95: 91.8 | J95: 5.75 | K95: 0 | L95: 4.7 | M95: 739852.58 | N95: 129386.43
A96: STR-1023 | B96: 45748 | C96: South | D96: Mall | E96: 31207.51 | F96: 3701 | G96: 0.043 | H96: 11 | I96: 84.7 | J96: 0.33 | K96: 0 | L96: 4.3 | M96: 586307.22 | N96: 73927.85
A97: STR-1024 | B97: 45658 | C97: West | D97: Residential | E97: 38966.59 | F97: 4509 | G97: 0.194 | H97: 14 | I97: 91.1 | J97: 2.92 | K97: 0 | L97: 4.6 | M97: 585937.48 | N97: 82624.2
A98: STR-1024 | B98: 45689 | C98: West | D98: Residential | E98: 67439.3 | F98: 6477 | G98: 0 | H98: 16 | I98: 90.9 | J98: 1.64 | K98: 0 | L98: 4.5 | M98: 753473.55 | N98: 151527.22
A99: STR-1024 | B99: 45717 | C99: West | D99: Residential | E99: 86421.88 | F99: 7970 | G99: 0.073 | H99: 17 | I99: 91.3 | J99: 0.8 | K99: 0 | L99: 5 | M99: 838250.32 | N99: 122939.34
A100: STR-1024 | B100: 45748 | C100: West | D100: Residential | E100: 9534.65 | F100: 6057 | G100: 0.074 | H100: 15 | I100: 94.1 | J100: 5.79 | K100: 0 | L100: 4.5 | M100: 607898.12 | N100: 135404.85
A101: STR-1025 | B101: 45658 | C101: West | D101: Mall | E101: 61132.07 | F101: 6394 | G101: 0.163 | H101: 19 | I101: 91 | J101: 19.6 | K101: 0 | L101: 4.4 | M101: 691113.62 | N101: 135145.44
A102: STR-1025 | B102: 45689 | C102: West | D102: Mall | E102: 78839.39 | F102: 5150 | G102: 0.171 | H102: 13 | I102: 85.8 | J102: 7.57 | K102: 0 | L102: 4.3 | M102: 735509.4 | N102: 83895.96
A103: STR-1025 | B103: 45717 | C103: West | D103: Mall | E103: 38752.8 | F103: 4712 | G103: 0.075 | H103: 15 | I103: 89.7 | K103: 0 | L103: 4.3 | M103: 605775.33 | N103: 107194.6
A104: STR-1025 | B104: 45748 | C104: West | D104: Mall | E104: 55101.1 | F104: 5281 | G104: 0.189 | H104: 11 | I104: 91 | J104: 2.7 | K104: 0 | L104: 4.4 | M104: 675177.68 | N104: 105628.68
A105: STR-1026 | B105: 45658 | C105: East | D105: Mall | E105: 53084.76 | F105: 3642 | G105: 0.15 | H105: 12 | I105: 91.4 | J105: 0.2 | K105: 0 | L105: 4.4 | M105: 635181.35 | N105: 83341.25
A106: STR-1026 | B106: 45689 | C106: East | D106: Mall | E106: 63101.59 | F106: 4373 | G106: 0.173 | H106: 14 | I106: 90.4 | J106: 7.87 | K106: 0 | L106: 4.7 | M106: 586626.94 | N106: 86498.55
A107: STR-1026 | B107: 45717 | C107: East | D107: Mall | E107: 90084.4 | F107: 6832 | G107: 0.185 | H107: 14 | I107: 80.5 | J107: 0.77 | K107: 1 | L107: 4.4 | M107: 740102.64 | N107: 114299.07
A108: STR-1026 | B108: 45748 | C108: East | D108: Mall | E108: 32266.64 | F108: 2414 | G108: 0.08 | H108: 7 | I108: 92.1 | J108: 1.48 | K108: 0 | L108: 5 | M108: 625514.04 | N108: 120685.08
A109: STR-1027 | B109: 45658 | C109: West | D109: High Street | E109: 57919.07 | F109: 7374 | G109: 0.103 | H109: 21 | I109: 82.3 | J109: 2.87 | K109: 0 | L109: 2.9 | M109: 727227.2 | N109: 121292.01
A110: STR-1027 | B110: 45689 | C110: West | D110: High Street | E110: 74679.35 | F110: 8739 | G110: 0.056 | H110: 21 | I110: 91.8 | J110: 2.83 | K110: 0 | L110: 3 | M110: 783797.89 | N110: 157620.7
A111: STR-1027 | B111: 45717 | C111: West | D111: High Street | E111: 64294.23 | F111: 6992 | G111: 0.133 | H111: 14 | I111: 94.1 | J111: 0.25 | K111: 0 | L111: 3 | M111: 795153.84 | N111: 143194.21
A112: STR-1027 | B112: 45748 | C112: West | D112: High Street | E112: 31042.03 | F112: 7107 | G112: 0.051 | H112: 15 | I112: 87 | J112: 13.33 | K112: 0 | L112: 3.2 | M112: 665594.94 | N112: 127597.34
A113: STR-1028 | B113: 45658 | C113: East | D113: Mall | E113: 75265.02 | F113: 6975 | G113: 0.157 | H113: 20 | I113: 73.8 | J113: 6.35 | K113: 1 | L113: 3.8 | M113: 709478.39 | N113: 71294.27
A114: STR-1028 | B114: 45689 | C114: East | D114: Mall | E114: 69411.7 | F114: 5493 | G114: 0.292 | H114: 13 | I114: 86.5 | J114: 6.69 | K114: 0 | L114: 3.8 | M114: 664162.49 | N114: 98291.06
A115: STR-1028 | B115: 45717 | C115: East | D115: Mall | E115: 51056.15 | F115: 5686 | G115: 0.089 | H115: 13 | I115: 89.9 | J115: 1.28 | K115: 0 | L115: 4.2 | M115: 633494.21 | N115: 105739.47
... A137: STR-1034 | B137: 45658 | C137: North | D137: High Street | E137: 70276.28 | F137: 3043 | G137: 0.079 | H137: 9 | I137: 87.9 | J137: 3.77 | K137: 0 | L137: 4.4 | M137: 527300.13 | N137: 84197.87
A138: STR-1034 | B138: 45689 | C138: North | D138: High Street | E138: 22071.64 | F138: 1814 | G138: 0.196 | H138: 8 | I138: 81.1 | J138: 0.78 | K138: 0 | M138: 400831.65 | N138: 70979.31
A139: STR-1034 | B139: 45717 | C139: North | D139: High Street | E139: 52285.45 | F139: 3618 | G139: 0.086 | H139: 11 | I139: 95.6 | J139: 5.17 | K139: 1 | L139: 4.4 | M139: 593247.25 | N139: 81240.29
A140: STR-1034 | B140: 45748 | C140: North | D140: High Street | E140: 70366.76 | F140: 1963 | G140: 0.182 | H140: 8 | I140: 89.8 | J140: 3.2 | K140: 0 | L140: 4.6 | M140: 529075.95 | N140: 95978.83
A141: STR-1035 | B141: 45658 | C141: South | D141: Residential | E141: 71320.66 | F141: 7888 | G141: 0.048 | H141: 20 | I141: 78.1 | J141: 3.4 | K141: 0 | M141: 633638.03 | N141: 99402.01
A142: STR-1035 | B142: 45689 | C142: South | D142: Residential | E142: 75109.67 | F142: 6244 | G142: 0.079 | H142: 15 | I142: 96.3 | J142: 7.38 | K142: 0 | L142: 3.7 | M142: 743348.84 | N142: 104186.09
A143: STR-1035 | B143: 45717 | C143: South | D143: Residential | E143: 69779 | F143: 6544 | G143: 0.152 | H143: 18 | I143: 90.2 | J143: 0.85 | K143: 1 | L143: 3.3 | M143: 758827.64 | N143: 161439.48
A144: STR-1035 | B144: 45748 | C144: South | D144: Residential | E144: 44211.95 | F144: 5465 | G144: 0.187 | H144: 12 | I144: 90 | J144: 2.89 | K144: 0 | L144: 3.6 | M144: 646559.71 | N144: 97981.75
A145: STR-1036 | B145: 45658 | C145: West | D145: High Street | E145: 51430.31 | F145: 6427 | G145: 0.234 | H145: 14 | I145: 88.8 | J145: 0.77 | K145: 0 | L145: 4.1 | M145: 715890.53 | N145: 109032.15
A146: STR-1036 | B146: 45689 | C146: West | D146: High Street | E146: 45706.49 | F146: 6704 | G146: 0.038 | H146: 15 | I146: 94.2 | J146: 2.92 | K146: 0 | L146: 4.2 | M146: 715097.57 | N146: 151875.86
A147: STR-1036 | B147: 45717 | C147: West | D147: High Street | E147: 44034.6 | F147: 5645 | G147: 0.069 | H147: 18 | I147: 88.5 | J147: 3.07 | K147: 0 | L147: 3.8 | M147: 682639.28 | N147: 77557.53
A148: STR-1036 | B148: 45748 | C148: West | D148: High Street | E148: 50198.12 | F148: 6089 | G148: 0.182 | H148: 19 | I148: 94 | J148: 9.7 | K148: 0 | L148: 3.9 | M148: 695098.51 | N148: 108192.75
A149: STR-1037 | B149: 45658 | C149: North | D149: Residential | E149: 70488.2 | F149: 4312 | G149: 0.169 | H149: 12 | I149: 90.2 | J149: 3.71 | K149: 0 | L149: 3.2 | M149: 577732.57 | N149: 93804.27
A150: STR-1037 | B150: 45689 | C150: North | D150: Residential | E150: 50909.27 | F150: 3152 | G150: 0.06 | H150: 13 | I150: 93.7 | J150: 10.79 | K150: 0 | L150: 3.5 | M150: 537058.33 | N150: 93555.71
A151: STR-1037 | B151: 45717 | C151: North | D151: Residential | E151: 53351.7 | F151: 4259 | G151: 0.156 | H151: 15 | I151: 93.7 | J151: 6.03 | K151: 0 | L151: 3.4 | M151: 601568.87 | N151: 91634.82
A152: STR-1037 | B152: 45748 | C152: North | D152: Residential | E152: 60322.4 | F152: 3350 | G152: 0.108 | H152: 12 | I152: 89.4 | J152: 4.92 | K152: 0 | L152: 3.4 | M152: 570964.84 | N152: 81331.07
A153: STR-1038 | B153: 45658 | C153: South | D153: Mall | E153: 51575.68 | F153: 5329 | G153: 0.047 | H153: 17 | I153: 88.1 | J153: 19.78 | K153: 0 | L153: 3.8 | M153: 614024.91 | N153: 84828.93
... A166: STR-1041 | B166: 45689 | C166: South | D166: High Street | E166: 48438.85 | F166: 6992 | G166: 0.034 | H166: 20 | I166: 91 | J166: 4.36 | K166: 0 | L166: 4.2 | M166: 778298.88 | N166: 130076.72
A167: STR-1041 | B167: 45717 | C167: South | D167: High Street | E167: 57143.3 | F167: 8038 | G167: 0.193 | H167: 17 | I167: 72.6 | K167: 0 | L167: 4.2 | M167: 677096.71 | N167: 97174.11
A168: STR-1041 | B168: 45748 | C168: South | D168: High Street | E168: 66870.62 | F168: 6055 | G168: 0.075 | H168: 19 | I168: 93.8 | J168: 0.54 | K168: 0 | L168: 4.3 | M168: 692008.64 | N168: 116337.87
A169: STR-1042 | B169: 45658 | C169: North | D169: Mall | E169: 72150.53 | F169: 9323 | G169: 0.157 | H169: 22 | I169: 82.9 | J169: 11.37 | K169: 1 | L169: 4.3 | M169: 825797.91 | N169: 130945.24
A170: STR-1042 | B170: 45689 | C170: North | D170: Mall | E170: 35303.3 | F170: 8789 | G170: 0.123 | H170: 22 | I170: 86.1 | J170: 9.43 | K170: 0 | L170: 4.2 | M170: 706285.52 | N170: 138014.72
A171: STR-1042 | B171: 45717 | C171: North | D171: Mall | E171: 30301.86 | F171: 6939 | G171: 0.09 | H171: 16 | I171: 90.3 | J171: 3.49 | K171: 0 | L171: 4 | M171: 665534.7 | N171: 113167.73
A172: STR-1042 | B172: 45748 | C172: North | D172: Mall | E172: 78432.14 | F172: 9440 | G172: 0.126 | H172: 23 | I172: 89.2 | J172: 7.86 | K172: 0 | L172: 4.1 | M172: 820729.29 | N172: 159325.47
A173: STR-1043 | B173: 45658 | C173: East | D173: Residential | E173: 62059.18 | F173: 9374 | G173: 0.136 | H173: 25 | I173: 87.1 | J173: 12.55 | K173: 0 | L173: 4.9 | M173: 739831.73 | N173: 119490.21
A174: STR-1043 | B174: 45689 | C174: East | D174: Residential | E174: 32834.48 | F174: 7576 | G174: 0.099 | H174: 15 | I174: 84.1 | J174: 3.48 | K174: 0 | L174: 5 | M174: 593637.14 | N174: 106648.14
A175: STR-1043 | B175: 45717 | C175: East | D175: Residential | E175: 50825.08 | F175: 8949 | G175: 0.157 | H175: 21 | I175: 84.7 | J175: 7.73 | K175: 0 | L175: 4.9 | M175: 769702.76 | N175: 158697
A176: STR-1043 | B176: 45748 | C176: East | D176: Residential | E176: 36606.51 | F176: 7671 | G176: 0.118 | H176: 18 | I176: 89.8 | J176: 0.25 | K176: 0 | L176: 4.4 | M176: 679731.57 | N176: 121546.42
A177: STR-1044 | B177: 45658 | C177: East | D177: Residential | E177: 65237.79 | F177: 8741 | G177: 0.157 | H177: 20 | I177: 94.4 | J177: 6.43 | K177: 0 | L177: 3.3 | M177: 780344.18 | N177: 118239.09
A178: STR-1044 | B178: 45689 | C178: East | D178: Residential | E178: 43645.98 | F178: 9480 | G178: 0.109 | H178: 22 | I178: 89 | J178: 2.11 | K178: 0 | L178: 3.1 | M178: 721364.11 | N178: 147272.81
A179: STR-1044 | B179: 45717 | C179: East | D179: Residential | E179: 68040.15 | F179: 9826 | G179: 0.125 | H179: 20 | I179: 83.9 | J179: 9.12 | K179: 0 | L179: 3.6 | M179: 758138.29 | N179: 132975.26
...

Sheet cleaned_data
A1: CLEANED
A4: store_id | B4: month | C4: region | D4: store_type | E4: marketing_spend | F4: footfall | G4: avg_discount_pct | H4: staff_count | I4: inventory_availability_pct | J4: competitor_distance_km | K4: holiday_flag | L4: customer_rating | M4: monthly_sales | N4: monthly_profit
A5: STR-1001 | B5: 2025-01-01 | C5: East | D5: Residential | E5: 70389.11 | F5: 8302 | G5: 0.042 | H5: 17 | I5: 75 | J5: 5.28 | K5: 1 | L5: 3.1 | M5: 658832.62 | N5: 84349.93
A6: STR-1001 | B6: 2025-02-01 | C6: East | D6: Residential | E6: 43827.89 | F6: 8487 | G6: 0.168 | H6: 23 | I6: 84.4 | J6: 4.31 | K6: 0 | L6: 2.8 | M6: 634436 | N6: 106130.54
A7: STR-1001 | B7: 2025-03-01 | C7: East | D7: Residential | E7: 59921.75 | F7: 9113 | G7: 0.133 | H7: 20 | I7: 88 | J7: 12 | K7: 0 | L7: 3.2 | M7: 678722.06 | N7: 101883.86
A8: STR-1001 | B8: 2025-04-01 | C8: East | D8: Residential | E8: 56856.63 | F8: 9431 | G8: 0.142 | H8: 23 | I8: 86.9 | J8: 4.97 | K8: 0 | L8: 3.4 | M8: 658920.3 | N8: 97910.37
A9: STR-1002 | B9: 2025-01-01 | C9: East | D9: High Street | E9: 48412.64 | F9: 9545 | G9: 0.231 | H9: 21 | I9: 97.6 | J9: 6.94 | K9: 1 | L9: 4.2 | M9: 741341.44 | N9: 119208.17
A10: STR-1002 | B10: 2025-02-01 | C10: East | D10: High Street | E10: 64811.21 | F10: 9792 | G10: 0.112 | H10: 20 | I10: 84.2 | J10: 2.88 | K10: 0 | L10: 4.2 | M10: 761835.34 | N10: 149602.23
A11: STR-1002 | B11: 2025-03-01 | C11: East | D11: High Street | E11: 46213.45 | F11: 10616 | G11: 0.122 | H11: 22 | I11: 85.2 | J11: 0.2 | K11: 1 | L11: 4.1 | M11: 806615.54 | N11: 131364.62
A12: STR-1002 | B12: 2025-04-01 | C12: East | D12: High Street | E12: 68148.52 | F12: 8567 | G12: 0.127 | H12: 23 | I12: 95.6 | J12: 0.8 | K12: 0 | L12: 3.9 | M12: 850164.26 | N12: 149262.75
A13: STR-1003 | B13: 2025-01-01 | C13: North | D13: Airport | E13: 71838.86 | F13: 10979 | G13: 0.215 | H13: 26 | I13: 88.6 | J13: 7.7 | K13: 1 | L13: 3.8 | M13: 930581.7 | N13: 136207.98
A14: STR-1003 | B14: 2025-02-01 | C14: North | D14: Airport | E14: 68133.44 | F14: 9459 | G14: 0.22 | H14: 21 | I14: 85 | J14: 1.91 | K14: 0 | L14: 4.2 | M14: 779010.94 | N14: 106328.09
A15: STR-1003 | B15: 2025-03-01 | C15: North | D15: Airport | E15: 34285.21 | F15: 9172 | G15: 0.213 | H15: 22 | I15: 88.3 | J15: 10.46 | K15: 1 | L15: 3.8 | M15: 723060.76 | N15: 123131.24
A16: STR-1003 | B16: 2025-04-01 | C16: North | D16: Airport | E16: 67979.88 | F16: 11230 | G16: 0.002 | H16: 28 | I16: 85.3 | J16: 7.16 | K16: 0 | L16: 3.8 | M16: 910791.94 | N16: 158891.28
... A324: STR-1080 | B324: 2025-04-01 | C324: East | D324: Residential | E324: 40553.11 | F324: 5317 | G324: 0.165 | H324: 17 | I324: 84.3 | J324: 11.82 | K324: 0 | L324: 4.1 | M324: 559660.84 | N324: 71443.61

Sheet dummy_variables
A1: DUMMY VARIABLE
A4: store_id | B4: region | C4: store_type | D4: is_Airport | E4: is_Mall | F4: is_Residential | G4: is_North | H4: is_South | I4: is_West | J4: monthly_sales
A5: STR-1001 | B5: East | C5: Residential | D5: 0 | E5: 0 | F5: 1 | G5: 0 | H5: 0 | I5: 0 | J5: 658832.62
A6: STR-1001 | B6: East | C6: Residential | D6: 0 | E6: 0 | F6: 1 | G6: 0 | H6: 0 | I6: 0 | J6: 634436
A7: STR-1001 | B7: East | C7: Residential | D7: 0 | E7: 0 | F7: 1 | G7: 0 | H7: 0 | I7: 0 | J7: 678722.06
A8: STR-1001 | B8: East | C8: Residential | D8: 0 | E8: 0 | F8: 1 | G8: 0 | H8: 0 | I8: 0 | J8: 658920.3
A9: STR-1002 | B9: East | C9: High Street | D9: 0 | E9: 0 | F9: 0 | G9: 0 | H9: 0 | I9: 0 | J9: 741341.44
A10: STR-1002 | B10: East | C10: High Street | D10: 0 | E10: 0 | F10: 0 | G10: 0 | H10: 0 | I10: 0 | J10: 761835.34
A11: STR-1002 | B11: East | C11: High Street | D11: 0 | E11: 0 | F11: 0 | G11: 0 | H11: 0 | I11: 0 | J11: 806615.54
A12: STR-1002 | B12: East | C12: High Street | D12: 0 | E12: 0 | F12: 0 | G12: 0 | H12: 0 | I12: 0 | J12: 850164.26
A13: STR-1003 | B13: North | C13: Airport | D13: 1 | E13: 0 | F13: 0 | G13: 1 | H13: 0 | I13: 0 | J13: 930581.7
A14: STR-1003 | B14: North | C14: Airport | D14: 1 | E14: 0 | F14: 0 | G14: 1 | H14: 0 | I14: 0 | J14: 779010.94
A15: STR-1003 | B15: North | C15: Airport | D15: 1 | E15: 0 | F15: 0 | G15: 1 | H15: 0 | I15: 0 | J15: 723060.76
A16: STR-1003 | B16: North | C16: Airport | D16: 1 | E16: 0 | F16: 0 | G16: 1 | H16: 0 | I16: 0 | J16: 910791.94
... A324: STR-1080 | B324: East | C324: Residential | D324: 0 | E324: 0 | F324: 1 | G324: 0 | H324: 0 | I324: 0 | J324: 559660.84

Sheet simple_regression
A1: SIMPLE LINEAR REGRESSION MODELS
A4: MODEL 1: monthly_sales ~ footfall
A5: Independent variable (X) | B5: footfall
A6: Slope (coefficient) | B6: =SLOPE(cleaned_data!$M$5:$M$324,cleaned_data!$F$5:$F$324) -> 35.678031
A7: Intercept | B7: =INTERCEPT(cleaned_data!$M$5:$M$324,cleaned_data!$F$5:$F$324) -> 446410.58
A8: R-squared | B8: =RSQ(cleaned_data!$M$5:$M$324,cleaned_data!$F$5:$F$324) -> 0.73628534
A9: Correlation (r) | B9: =CORREL(cleaned_data!$M$5:$M$324,cleaned_data!$F$5:$F$324) -> 0.85807071
A10: Std error of slope | B10: =INDEX(LINEST(cleaned_data!$M$5:$M$324,cleaned_data!$F$5:$F$324,TRUE(),TRUE()),2,1) -> 1.1973783
A11: t-stat | B11: =INDEX(LINEST(cleaned_data!$M$5:$M$324,cleaned_data!$F$5:$F$324,TRUE(),TRUE()),1,1)/INDEX(LINEST(cleaned_data!$M$5:$M$324,cleaned_data!$F$5:$F$324,TRUE(),TRUE()),2,1) -> 29.796791
A12: p-value | B12: =TDIST(ABS(INDEX(LINEST(cleaned_data!$M$5:$M$324,cleaned_data!$F$5:$F$324,TRUE(),TRUE()),1,1)/INDEX(LINEST(cleaned_data!$M$5:$M$324,cleaned_data!$F$5:$F$324,TRUE(),TRUE()),2,1)),COUNT(cleaned_data!$F$5:$F$324)-2,2) -> 4.7503615e-94
A13: n (observations) | B13: =COUNT(cleaned_data!$F$5:$F$324) -> 320
A15: MODEL 2: monthly_sales ~ marketing_spend
A16: Independent variable (X) | B16: marketing_spend
A17: Slope (coefficient) | B17: =SLOPE(cleaned_data!$M$5:$M$324,cleaned_data!$E$5:$E$324) -> 2.1295753
A18: Intercept | B18: =INTERCEPT(cleaned_data!$M$5:$M$324,cleaned_data!$E$5:$E$324) -> 560777.35
A19: R-squared | B19: =RSQ(cleaned_data!$M$5:$M$324,cleaned_data!$E$5:$E$324) -> 0.16724469
A20: Correlation (r) | B20: =CORREL(cleaned_data!$M$5:$M$324,cleaned_data!$E$5:$E$324) -> 0.40895561
A21: Std error of slope | B21: =INDEX(LINEST(cleaned_data!$M$5:$M$324,cleaned_data!$E$5:$E$324,TRUE(),TRUE()),2,1) -> 0.26647838
A22: t-stat | B22: =INDEX(LINEST(cleaned_data!$M$5:$M$324,cleaned_data!$E$5:$E$324,TRUE(),TRUE()),1,1)/INDEX(LINEST(cleaned_data!$M$5:$M$324,cleaned_data!$E$5:$E$324,TRUE(),TRUE()),2,1) -> 7.9915501
A23: p-value | B23: =TDIST(ABS(INDEX(LINEST(cleaned_data!$M$5:$M$324,cleaned_data!$E$5:$E$324,TRUE(),TRUE()),1,1)/INDEX(LINEST(cleaned_data!$M$5:$M$324,cleaned_data!$E$5:$E$324,TRUE(),TRUE()),2,1)),COUNT(cleaned_data!$E$5:$E$324)-2,2) -> 2.4800615e-14
A24: n (observations) | B24: =COUNT(cleaned_data!$E$5:$E$324) -> 320
A26: MODEL 3 (supplementary): monthly_sales ~ staff_count
A27: Independent variable (X) | B27: staff_count
A28: Slope (coefficient) | B28: =SLOPE(cleaned_data!$M$5:$M$324,cleaned_data!$H$5:$H$324) -> 16984.029
A29: Intercept | B29: =INTERCEPT(cleaned_data!$M$5:$M$324,cleaned_data!$H$5:$H$324) -> 400551.47
A30: R-squared | B30: =RSQ(cleaned_data!$M$5:$M$324,cleaned_data!$H$5:$H$324) -> 0.65229045
A31: Correlation (r) | B31: =CORREL(cleaned_data!$M$5:$M$324,cleaned_data!$H$5:$H$324) -> 0.807645
A32: Std error of slope | B32: =INDEX(LINEST(cleaned_data!$M$5:$M$324,cleaned_data!$H$5:$H$324,TRUE(),TRUE()),2,1) -> 695.36841
A33: t-stat | B33: =INDEX(LINEST(cleaned_data!$M$5:$M$324,cleaned_data!$H$5:$H$324,TRUE(),TRUE()),1,1)/INDEX(LINEST(cleaned_data!$M$5:$M$324,cleaned_data!$H$5:$H$324,TRUE(),TRUE()),2,1) -> 24.424504
A34: p-value | B34: =TDIST(ABS(INDEX(LINEST(cleaned_data!$M$5:$M$324,cleaned_data!$H$5:$H$324,TRUE(),TRUE()),1,1)/INDEX(LINEST(cleaned_data!$M$5:$M$324,cleaned_data!$H$5:$H$324,TRUE(),TRUE()),2,1)),COUNT(cleaned_data!$H$5:$H$324)-2,2) -> 6.2501018e-75
A35: n (observations) | B35: =COUNT(cleaned_data!$H$5:$H$324) -> 320
A37: MODEL 4 (supplementary, weak): monthly_sales ~ avg_discount_pct
A38: Independent variable (X) | B38: avg_discount_pct
A39: Slope (coefficient) | B39: =SLOPE(cleaned_data!$M$5:$M$324,cleaned_data!$G$5:$G$324) -> -138730.45
A40: Intercept | B40: =INTERCEPT(cleaned_data!$M$5:$M$324,cleaned_data!$G$5:$G$324) -> 697835.63
A41: R-squared | B41: =RSQ(cleaned_data!$M$5:$M$324,cleaned_data!$G$5:$G$324) -> 0.008290503
A42: Correlation (r) | B42: =CORREL(cleaned_data!$M$5:$M$324,cleaned_data!$G$5:$G$324) -> -0.091052199
A43: Std error of slope | B43: =INDEX(LINEST(cleaned_data!$M$5:$M$324,cleaned_data!$G$5:$G$324,TRUE(),TRUE()),2,1) -> 85086.38
A44: t-stat | B44: =INDEX(LINEST(cleaned_data!$M$5:$M$324,cleaned_data!$G$5:$G$324,TRUE(),TRUE()),1,1)/INDEX(LINEST(cleaned_data!$M$5:$M$324,cleaned_data!$G$5:$G$324,TRUE(),TRUE()),2,1) -> -1.6304661
A45: p-value | B45: =TDIST(ABS(INDEX(LINEST(cleaned_data!$M$5:$M$324,cleaned_data!$G$5:$G$324,TRUE(),TRUE()),1,1)/INDEX(LINEST(cleaned_data!$M$5:$M$324,cleaned_data!$G$5:$G$324,TRUE(),TRUE()),2,1)),COUNT(cleaned_data!$G$5:$G$324)-2,2) -> 0.10399305
A46: n (observations) | B46: =COUNT(cleaned_data!$G$5:$G$324) -> 320

Sheet multiple_regression
A1: MULTIPLE LINEAR REGRESSION MODEL
A2: Y = monthly_sales. Predictors: footfall, marketing_spend, inventory_availability_pct, staff_count, is_Airport, is_Mall, is_Residential, is_North, is_South, is_West (dummy reference categories: store_type=High Street, region=East)
A4: Consolidated predictor matrix (referenced from cleaned_data and dummy_variables)
A5: monthly_sales | B5: footfall | C5: marketing_spend | D5: inventory_availability_pct | E5: staff_count | F5: is_Airport | G5: is_Mall | H5: is_Residential | I5: is_North | J5: is_South | K5: is_West | N5: MULTIPLE REGRESSION OUTPUT (LINEST)
A6: =cleaned_data!$M$5 -> 658832.62 | B6: =cleaned_data!$F$5 -> 8302 | C6: =cleaned_data!$E$5 -> 70389.11 | D6: =cleaned_data!$I$5 -> 75 | E6: =cleaned_data!$H$5 -> 17 | F6: =dummy_variables!$D$5 -> 0 | G6: =dummy_variables!$E$5 -> 0 | H6: =dummy_variables!$F$5 -> 1 | I6: =dummy_variables!$G$5 -> 0 | J6: =dummy_variables!$H$5 -> 0 | K6: =dummy_variables!$I$5 -> 0 | N6: Coefficients (last->first: const last, is_West first var):
A7: =cleaned_data!$M$6 -> 634436 | B7: =cleaned_data!$F$6 -> 8487 | C7: =cleaned_data!$E$6 -> 43827.89 | D7: =cleaned_data!$I$6 -> 84.4 | E7: =cleaned_data!$H$6 -> 23 | F7: =dummy_variables!$D$6 -> 0 | G7: =dummy_variables!$E$6 -> 0 | H7: =dummy_variables!$F$6 -> 1 | I7: =dummy_variables!$G$6 -> 0 | J7: =dummy_variables!$H$6 -> 0 | K7: =dummy_variables!$I$6 -> 0 | N7: is_West | O7: is_South | P7: is_North | Q7: is_Residential | R7: is_Mall | S7: is_Airport | T7: staff_count | U7: inventory_pct | V7: marketing_spend | W7: footfall | X7: intercept
A8: =cleaned_data!$M$7 -> 678722.06 | B8: =cleaned_data!$F$7 -> 9113 | C8: =cleaned_data!$E$7 -> 59921.75 | D8: =cleaned_data!$I$7 -> 88 | E8: =cleaned_data!$H$7 -> 20 | F8: =dummy_variables!$D$7 -> 0 | G8: =dummy_variables!$E$7 -> 0 | H8: =dummy_variables!$F$7 -> 1 | I8: =dummy_variables!$G$7 -> 0 | J8: =dummy_variables!$H$7 -> 0 | K8: =dummy_variables!$I$7 -> 0 | N8: {=LINEST($A$6:$A$325,$B$6:$K$325,TRUE(),TRUE())} -> 18892.972 | O8: 20900.936 | P8: 7601.2301 | Q8: -17402.348 | R8: 12191.542 | S8: 22531.679 | T8: 2790.4915 | U8: 3003.3311 | V8: 1.1736201 | W8: 28.829085 | X8: 103838.09
A9: =cleaned_data!$M$8 -> 658920.3 | B9: =cleaned_data!$F$8 -> 9431 | C9: =cleaned_data!$E$8 -> 56856.63 | D9: =cleaned_data!$I$8 -> 86.9 | E9: =cleaned_data!$H$8 -> 23 | F9: =dummy_variables!$D$8 -> 0 | G9: =dummy_variables!$E$8 -> 0 | H9: =dummy_variables!$F$8 -> 1 | I9: =dummy_variables!$G$8 -> 0 | J9: =dummy_variables!$H$8 -> 0 | K9: =dummy_variables!$I$8 -> 0 | N9: 6280.3984 | O9: 7094.5214 | P9: 7032.3394 | Q9: 6006.099 | R9: 6510.4519 | S9: 9298.282 | T9: 1254.6297 | U9: 458.63717 | V9: 0.12620488 | W9: 2.4804346 | X9: 42406.375
A10: =cleaned_data!$M$9 -> 741341.44 | B10: =cleaned_data!$F$9 -> 9545 | C10: =cleaned_data!$E$9 -> 48412.64 | D10: =cleaned_data!$I$9 -> 97.6 | E10: =cleaned_data!$H$9 -> 21 | F10: =dummy_variables!$D$9 -> 0 | G10: =dummy_variables!$E$9 -> 0 | H10: =dummy_variables!$F$9 -> 0 | I10: =dummy_variables!$G$9 -> 0 | J10: =dummy_variables!$H$9 -> 0 | K10: =dummy_variables!$I$9 -> 0 | N10: 0.82955523 | O10: 43529.796 | P10: #N/A | Q10: #N/A | R10: #N/A | S10: #N/A | T10: #N/A | U10: #N/A | V10: #N/A | W10: #N/A | X10: #N/A
A11: =cleaned_data!$M$10 -> 761835.34 | B11: =cleaned_data!$F$10 -> 9792 | C11: =cleaned_data!$E$10 -> 64811.21 | D11: =cleaned_data!$I$10 -> 84.2 | E11: =cleaned_data!$H$10 -> 20 | F11: =dummy_variables!$D$10 -> 0 | G11: =dummy_variables!$E$10 -> 0 | H11: =dummy_variables!$F$10 -> 0 | I11: =dummy_variables!$G$10 -> 0 | J11: =dummy_variables!$H$10 -> 0 | K11: =dummy_variables!$I$10 -> 0 | N11: 150.3904 | O11: 309 | P11: #N/A | Q11: #N/A | R11: #N/A | S11: #N/A | T11: #N/A | U11: #N/A | V11: #N/A | W11: #N/A | X11: #N/A
A12: =cleaned_data!$M$11 -> 806615.54 | B12: =cleaned_data!$F$11 -> 10616 | C12: =cleaned_data!$E$11 -> 46213.45 | D12: =cleaned_data!$I$11 -> 85.2 | E12: =cleaned_data!$H$11 -> 22 | F12: =dummy_variables!$D$11 -> 0 | G12: =dummy_variables!$E$11 -> 0 | H12: =dummy_variables!$F$11 -> 0 | I12: =dummy_variables!$G$11 -> 0 | J12: =dummy_variables!$H$11 -> 0 | K12: =dummy_variables!$I$11 -> 0 | N12: 2.8496621e+12 | O12: 5.8550653e+11 | P12: #N/A | Q12: #N/A | R12: #N/A | S12: #N/A | T12: #N/A | U12: #N/A | V12: #N/A | W12: #N/A | X12: #N/A
A13: =cleaned_data!$M$12 -> 850164.26 | B13: =cleaned_data!$F$12 -> 8567 | C13: =cleaned_data!$E$12 -> 68148.52 | D13: =cleaned_data!$I$12 -> 95.6 | E13: =cleaned_data!$H$12 -> 23 | F13: =dummy_variables!$D$12 -> 0 | G13: =dummy_variables!$E$12 -> 0 | H13: =dummy_variables!$F$12 -> 0 | I13: =dummy_variables!$G$12 -> 0 | J13: =dummy_variables!$H$12 -> 0 | K13: =dummy_variables!$I$12 -> 0 | N13: Note: cells with #N/A in rows 10-12 beyond column O are unused LINEST padding slots (normal behavior, not errors).
A14: =cleaned_data!$M$13 -> 930581.7 | B14: =cleaned_data!$F$13 -> 10979 | C14: =cleaned_data!$E$13 -> 71838.86 | D14: =cleaned_data!$I$13 -> 88.6 | E14: =cleaned_data!$H$13 -> 26 | F14: =dummy_variables!$D$13 -> 1 | G14: =dummy_variables!$E$13 -> 0 | H14: =dummy_variables!$F$13 -> 0 | I14: =dummy_variables!$G$13 -> 1 | J14: =dummy_variables!$H$13 -> 0 | K14: =dummy_variables!$I$13 -> 0 | N14: Row1=coefficients, Row2=std errors, Row3=R2 & SE(y), Row4=F-stat & df, Row5=SSreg & SSresid
A15: =cleaned_data!$M$14 -> 779010.94 | B15: =cleaned_data!$F$14 -> 9459 | C15: =cleaned_data!$E$14 -> 68133.44 | D15: =cleaned_data!$I$14 -> 85 | E15: =cleaned_data!$H$14 -> 21 | F15: =dummy_variables!$D$14 -> 1 | G15: =dummy_variables!$E$14 -> 0 | H15: =dummy_variables!$F$14 -> 0 | I15: =dummy_variables!$G$14 -> 1 | J15: =dummy_variables!$H$14 -> 0 | K15: =dummy_variables!$I$14 -> 0
A16: =cleaned_data!$M$15 -> 723060.76 | B16: =cleaned_data!$F$15 -> 9172 | C16: =cleaned_data!$E$15 -> 34285.21 | D16: =cleaned_data!$I$15 -> 88.3 | E16: =cleaned_data!$H$15 -> 22 | F16: =dummy_variables!$D$15 -> 1 | G16: =dummy_variables!$E$15 -> 0 | H16: =dummy_variables!$F$15 -> 0 | I16: =dummy_variables!$G$15 -> 1 | J16: =dummy_variables!$H$15 -> 0 | K16: =dummy_variables!$I$15 -> 0 | N16: Readable Coefficient Summary
A17: =cleaned_data!$M$16 -> 910791.94 | B17: =cleaned_data!$F$16 -> 11230 | C17: =cleaned_data!$E$16 -> 67979.88 | D17: =cleaned_data!$I$16 -> 85.3 | E17: =cleaned_data!$H$16 -> 28 | F17: =dummy_variables!$D$16 -> 1 | G17: =dummy_variables!$E$16 -> 0 | H17: =dummy_variables!$F$16 -> 0 | I17: =dummy_variables!$G$16 -> 1 | J17: =dummy_variables!$H$16 -> 0 | K17: =dummy_variables!$I$16 -> 0 | N17: Variable | O17: Coefficient | P17: Std Error | Q17: t-stat | R17: p-value
A18: =cleaned_data!$M$17 -> 922168.6 | B18: =cleaned_data!$F$17 -> 12775 | C18: =cleaned_data!$E$17 -> 71828.26 | D18: =cleaned_data!$I$17 -> 81.7 | E18: =cleaned_data!$H$17 -> 30 | F18: =dummy_variables!$D$17 -> 0 | G18: =dummy_variables!$E$17 -> 0 | H18: =dummy_variables!$F$17 -> 1 | I18: =dummy_variables!$G$17 -> 0 | J18: =dummy_variables!$H$17 -> 0 | K18: =dummy_variables!$I$17 -> 0 | N18: Intercept | O18: =X$8 -> 103838.09 | P18: =X$9 -> 42406.375 | Q18: =X$8/X$9 -> 2.4486434 | R18: =TDIST(ABS(X$8/X$9),309,2) -> 0.014895057
A19: =cleaned_data!$M$18 -> 726606.28 | B19: =cleaned_data!$F$18 -> 10054 | C19: =cleaned_data!$E$18 -> 55716.82 | D19: =cleaned_data!$I$18 -> 84.9 | E19: =cleaned_data!$H$18 -> 24 | F19: =dummy_variables!$D$18 -> 0 | G19: =dummy_variables!$E$18 -> 0 | H19: =dummy_variables!$F$18 -> 1 | I19: =dummy_variables!$G$18 -> 0 | J19: =dummy_variables!$H$18 -> 0 | K19: =dummy_variables!$I$18 -> 0 | N19: footfall | O19: =W$8 -> 28.829085 | P19: =W$9 -> 2.4804346 | Q19: =W$8/W$9 -> 11.622594 | R19: =TDIST(ABS(W$8/W$9),309,2) -> 3.7758838e-26
A20: =cleaned_data!$M$19 -> 746501.09 | B20: =cleaned_data!$F$19 -> 8895 | C20: =cleaned_data!$E$19 -> 59909.51 | D20: =cleaned_data!$I$19 -> 88.8 | E20: =cleaned_data!$H$19 -> 23 | F20: =dummy_variables!$D$19 -> 0 | G20: =dummy_variables!$E$19 -> 0 | H20: =dummy_variables!$F$19 -> 1 | I20: =dummy_variables!$G$19 -> 0 | J20: =dummy_variables!$H$19 -> 0 | K20: =dummy_variables!$I$19 -> 0 | N20: marketing_spend | O20: =V$8 -> 1.1736201 | P20: =V$9 -> 0.12620488 | Q20: =V$8/V$9 -> 9.299324 | R20: =TDIST(ABS(V$8/V$9),309,2) -> 2.6616222e-18
A21: =cleaned_data!$M$20 -> 834017.02 | B21: =cleaned_data!$F$20 -> 10940 | C21: =cleaned_data!$E$20 -> 75305.71 | D21: =cleaned_data!$I$20 -> 76.5 | E21: =cleaned_data!$H$20 -> 26 | F21: =dummy_variables!$D$20 -> 0 | G21: =dummy_variables!$E$20 -> 0 | H21: =dummy_variables!$F$20 -> 1 | I21: =dummy_variables!$G$20 -> 0 | J21: =dummy_variables!$H$20 -> 0 | K21: =dummy_variables!$I$20 -> 0 | N21: inventory_availability_pct | O21: =U$8 -> 3003.3311 | P21: =U$9 -> 458.63717 | Q21: =U$8/U$9 -> 6.5483812 | R21: =TDIST(ABS(U$8/U$9),309,2) -> 2.4238605e-10
A22: =cleaned_data!$M$21 -> 666152.52 | B22: =cleaned_data!$F$21 -> 7057 | C22: =cleaned_data!$E$21 -> 48804.22 | D22: =cleaned_data!$I$21 -> 87.7 | E22: =cleaned_data!$H$21 -> 15 | F22: =dummy_variables!$D$21 -> 0 | G22: =dummy_variables!$E$21 -> 0 | H22: =dummy_variables!$F$21 -> 1 | I22: =dummy_variables!$G$21 -> 0 | J22: =dummy_variables!$H$21 -> 1 | K22: =dummy_variables!$I$21 -> 0 | N22: staff_count | O22: =T$8 -> 2790.4915 | P22: =T$9 -> 1254.6297 | Q22: =T$8/T$9 -> 2.2241554 | R22: =TDIST(ABS(T$8/T$9),309,2) -> 0.026860383
A23: =cleaned_data!$M$22 -> 573155.19 | B23: =cleaned_data!$F$22 -> 4263 | C23: =cleaned_data!$E$22 -> 59117.9 | D23: =cleaned_data!$I$22 -> 87.6 | E23: =cleaned_data!$H$22 -> 9 | F23: =dummy_variables!$D$22 -> 0 | G23: =dummy_variables!$E$22 -> 0 | H23: =dummy_variables!$F$22 -> 1 | I23: =dummy_variables!$G$22 -> 0 | J23: =dummy_variables!$H$22 -> 1 | K23: =dummy_variables!$I$22 -> 0 | N23: is_Airport | O23: =S$8 -> 22531.679 | P23: =S$9 -> 9298.282 | Q23: =S$8/S$9 -> 2.4232088 | R23: =TDIST(ABS(S$8/S$9),309,2) -> 0.015958368
A24: =cleaned_data!$M$23 -> 666573.2 | B24: =cleaned_data!$F$23 -> 5538 | C24: =cleaned_data!$E$23 -> 78831.12 | D24: =cleaned_data!$I$23 -> 94.1 | E24: =cleaned_data!$H$23 -> 15 | F24: =dummy_variables!$D$23 -> 0 | G24: =dummy_variables!$E$23 -> 0 | H24: =dummy_variables!$F$23 -> 1 | I24: =dummy_variables!$G$23 -> 0 | J24: =dummy_variables!$H$23 -> 1 | K24: =dummy_variables!$I$23 -> 0 | N24: is_Mall | O24: =R$8 -> 12191.542 | P24: =R$9 -> 6510.4519 | Q24: =R$8/R$9 -> 1.8726106 | R24: =TDIST(ABS(R$8/R$9),309,2) -> 0.062066335
A25: =cleaned_data!$M$24 -> 591619.95 | B25: =cleaned_data!$F$24 -> 4865 | C25: =cleaned_data!$E$24 -> 41441.93 | D25: =cleaned_data!$I$24 -> 88.3 | E25: =cleaned_data!$H$24 -> 16 | F25: =dummy_variables!$D$24 -> 0 | G25: =dummy_variables!$E$24 -> 0 | H25: =dummy_variables!$F$24 -> 1 | I25: =dummy_variables!$G$24 -> 0 | J25: =dummy_variables!$H$24 -> 1 | K25: =dummy_variables!$I$24 -> 0 | N25: is_Residential | O25: =Q$8 -> -17402.348 | P25: =Q$9 -> 6006.099 | Q25: =Q$8/Q$9 -> -2.8974461 | R25: =TDIST(ABS(Q$8/Q$9),309,2) -> 0.0040309687
A26: =cleaned_data!$M$25 -> 415721.82 | B26: =cleaned_data!$F$25 -> 2822 | C26: =cleaned_data!$E$25 -> 30356.28 | D26: =cleaned_data!$I$25 -> 84.8 | E26: =cleaned_data!$H$25 -> 9 | F26: =dummy_variables!$D$25 -> 0 | G26: =dummy_variables!$E$25 -> 0 | H26: =dummy_variables!$F$25 -> 1 | I26: =dummy_variables!$G$25 -> 1 | J26: =dummy_variables!$H$25 -> 0 | K26: =dummy_variables!$I$25 -> 0 | N26: is_North | O26: =P$8 -> 7601.2301 | P26: =P$9 -> 7032.3394 | Q26: =P$8/P$9 -> 1.0808964 | R26: =TDIST(ABS(P$8/P$9),309,2) -> 0.28058609
A27: =cleaned_data!$M$26 -> 491905.13 | B27: =cleaned_data!$F$26 -> 2121 | C27: =cleaned_data!$E$26 -> 33518.88 | D27: =cleaned_data!$I$26 -> 88.5 | E27: =cleaned_data!$H$26 -> 8 | F27: =dummy_variables!$D$26 -> 0 | G27: =dummy_variables!$E$26 -> 0 | H27: =dummy_variables!$F$26 -> 1 | I27: =dummy_variables!$G$26 -> 1 | J27: =dummy_variables!$H$26 -> 0 | K27: =dummy_variables!$I$26 -> 0 | N27: is_South | O27: =O$8 -> 20900.936 | P27: =O$9 -> 7094.5214 | Q27: =O$8/O$9 -> 2.9460671 | R27: =TDIST(ABS(O$8/O$9),309,2) -> 0.0034631171
A28: =cleaned_data!$M$27 -> 555929.4 | B28: =cleaned_data!$F$27 -> 3364 | C28: =cleaned_data!$E$27 -> 42267.37 | D28: =cleaned_data!$I$27 -> 82 | E28: =cleaned_data!$H$27 -> 13 | F28: =dummy_variables!$D$27 -> 0 | G28: =dummy_variables!$E$27 -> 0 | H28: =dummy_variables!$F$27 -> 1 | I28: =dummy_variables!$G$27 -> 1 | J28: =dummy_variables!$H$27 -> 0 | K28: =dummy_variables!$I$27 -> 0 | N28: is_West | O28: =N$8 -> 18892.972 | P28: =N$9 -> 6280.3984 | Q28: =N$8/N$9 -> 3.0082443 | R28: =TDIST(ABS(N$8/N$9),309,2) -> 0.0028436531
A29: =cleaned_data!$M$28 -> 565810.99 | B29: =cleaned_data!$F$28 -> 2613 | C29: =cleaned_data!$E$28 -> 62060.43 | D29: =cleaned_data!$I$28 -> 92.1 | E29: =cleaned_data!$H$28 -> 12 | F29: =dummy_variables!$D$28 -> 0 | G29: =dummy_variables!$E$28 -> 0 | H29: =dummy_variables!$F$28 -> 1 | I29: =dummy_variables!$G$28 -> 1 | J29: =dummy_variables!$H$28 -> 0 | K29: =dummy_variables!$I$28 -> 0
A30: =cleaned_data!$M$29 -> 811771.14 | B30: =cleaned_data!$F$29 -> 10218 | C30: =cleaned_data!$E$29 -> 57696.69 | D30: =cleaned_data!$I$29 -> 94.8 | E30: =cleaned_data!$H$29 -> 25 | F30: =dummy_variables!$D$29 -> 0 | G30: =dummy_variables!$E$29 -> 1 | H30: =dummy_variables!$F$29 -> 0 | I30: =dummy_variables!$G$29 -> 0 | J30: =dummy_variables!$H$29 -> 0 | K30: =dummy_variables!$I$29 -> 1 | N30: R-squared | O30: =N10 -> 0.82955523
A31: =cleaned_data!$M$30 -> 800451.94 | B31: =cleaned_data!$F$30 -> 8927 | C31: =cleaned_data!$E$30 -> 172415.52 | D31: =cleaned_data!$I$30 -> 86.2 | E31: =cleaned_data!$H$30 -> 22 | F31: =dummy_variables!$D$30 -> 0 | G31: =dummy_variables!$E$30 -> 1 | H31: =dummy_variables!$F$30 -> 0 | I31: =dummy_variables!$G$30 -> 0 | J31: =dummy_variables!$H$30 -> 0 | K31: =dummy_variables!$I$30 -> 1 | N31: F-statistic | O31: =N11 -> 150.3904
A32: =cleaned_data!$M$31 -> 783672.82 | B32: =cleaned_data!$F$31 -> 9315 | C32: =cleaned_data!$E$31 -> 55270.52 | D32: =cleaned_data!$I$31 -> 91.9 | E32: =cleaned_data!$H$31 -> 23 | F32: =dummy_variables!$D$31 -> 0 | G32: =dummy_variables!$E$31 -> 1 | H32: =dummy_variables!$F$31 -> 0 | I32: =dummy_variables!$G$31 -> 0 | J32: =dummy_variables!$H$31 -> 0 | K32: =dummy_variables!$I$31 -> 1 | N32: n (observations) | O32: =320 -> 320
A33: =cleaned_data!$M$32 -> 701641.97 | B33: =cleaned_data!$F$32 -> 7223 | C33: =cleaned_data!$E$32 -> 52715.1 | D33: =cleaned_data!$I$32 -> 84.2 | E33: =cleaned_data!$H$32 -> 16 | F33: =dummy_variables!$D$32 -> 0 | G33: =dummy_variables!$E$32 -> 1 | H33: =dummy_variables!$F$32 -> 0 | I33: =dummy_variables!$G$32 -> 0 | J33: =dummy_variables!$H$32 -> 0 | K33: =dummy_variables!$I$32 -> 1 | N33: k (predictors) | O33: =10 -> 10
A34: =cleaned_data!$M$33 -> 511844.41 | B34: =cleaned_data!$F$33 -> 3988 | C34: =cleaned_data!$E$33 -> 68600.62 | D34: =cleaned_data!$I$33 -> 85 | E34: =cleaned_data!$H$33 -> 11 | F34: =dummy_variables!$D$33 -> 0 | G34: =dummy_variables!$E$33 -> 0 | H34: =dummy_variables!$F$33 -> 1 | I34: =dummy_variables!$G$33 -> 0 | J34: =dummy_variables!$H$33 -> 0 | K34: =dummy_variables!$I$33 -> 0
A35: =cleaned_data!$M$34 -> 537383.79 | B35: =cleaned_data!$F$34 -> 2390 | C35: =cleaned_data!$E$34 -> 63176.73 | D35: =cleaned_data!$I$34 -> 87.5 | E35: =cleaned_data!$H$34 -> 9 | F35: =dummy_variables!$D$34 -> 0 | G35: =dummy_variables!$E$34 -> 0 | H35: =dummy_variables!$F$34 -> 1 | I35: =dummy_variables!$G$34 -> 0 | J35: =dummy_variables!$H$34 -> 0 | K35: =dummy_variables!$I$34 -> 0
A36: =cleaned_data!$M$35 -> 500173.02 | B36: =cleaned_data!$F$35 -> 2471 | C36: =cleaned_data!$E$35 -> 44970.08 | D36: =cleaned_data!$I$35 -> 87.6 | E36: =cleaned_data!$H$35 -> 11 | F36: =dummy_variables!$D$35 -> 0 | G36: =dummy_variables!$E$35 -> 0 | H36: =dummy_variables!$F$35 -> 1 | I36: =dummy_variables!$G$35 -> 0 | J36: =dummy_variables!$H$35 -> 0 | K36: =dummy_variables!$I$35 -> 0
A37: =cleaned_data!$M$36 -> 427917.38 | B37: =cleaned_data!$F$36 -> 971 | C37: =cleaned_data!$E$36 -> 69816.35 | D37: =cleaned_data!$I$36 -> 89.9 | E37: =cleaned_data!$H$36 -> 5 | F37: =dummy_variables!$D$36 -> 0 | G37: =dummy_variables!$E$36 -> 0 | H37: =dummy_variables!$F$36 -> 1 | I37: =dummy_variables!$G$36 -> 0 | J37: =dummy_variables!$H$36 -> 0 | K37: =dummy_variables!$I$36 -> 0
A38: =cleaned_data!$M$37 -> 641865.03 | B38: =cleaned_data!$F$37 -> 9429 | C38: =cleaned_data!$E$37 -> 54597.83 | D38: =cleaned_data!$I$37 -> 83.3 | E38: =cleaned_data!$H$37 -> 21 | F38: =dummy_variables!$D$37 -> 0 | G38: =dummy_variables!$E$37 -> 0 | H38: =dummy_variables!$F$37 -> 1 | I38: =dummy_variables!$G$37 -> 1 | J38: =dummy_variables!$H$37 -> 0 | K38: =dummy_variables!$I$37 -> 0
A39: =cleaned_data!$M$38 -> 799477.76 | B39: =cleaned_data!$F$38 -> 11695 | C39: =cleaned_data!$E$38 -> 73771.91 | D39: =cleaned_data!$I$38 -> 84.7 | E39: =cleaned_data!$H$38 -> 25 | F39: =dummy_variables!$D$38 -> 0 | G39: =dummy_variables!$E$38 -> 0 | H39: =dummy_variables!$F$38 -> 1 | I39: =dummy_variables!$G$38 -> 1 | J39: =dummy_variables!$H$38 -> 0 | K39: =dummy_variables!$I$38 -> 0
A40: =cleaned_data!$M$39 -> 798952.17 | B40: =cleaned_data!$F$39 -> 9449 | C40: =cleaned_data!$E$39 -> 74413.88 | D40: =cleaned_data!$I$39 -> 92.1 | E40: =cleaned_data!$H$39 -> 23 | F40: =dummy_variables!$D$39 -> 0 | G40: =dummy_variables!$E$39 -> 0 | H40: =dummy_variables!$F$39 -> 1 | I40: =dummy_variables!$G$39 -> 1 | J40: =dummy_variables!$H$39 -> 0 | K40: =dummy_variables!$I$39 -> 0
A41: =cleaned_data!$M$40 -> 800979.78 | B41: =cleaned_data!$F$40 -> 10453 | C41: =cleaned_data!$E$40 -> 52483.77 | D41: =cleaned_data!$I$40 -> 99 | E41: =cleaned_data!$H$40 -> 25 | F41: =dummy_variables!$D$40 -> 0 | G41: =dummy_variables!$E$40 -> 0 | H41: =dummy_variables!$F$40 -> 1 | I41: =dummy_variables!$G$40 -> 1 | J41: =dummy_variables!$H$40 -> 0 | K41: =dummy_variables!$I$40 -> 0
A42: =cleaned_data!$M$41 -> 820593.93 | B42: =cleaned_data!$F$41 -> 8838 | C42: =cleaned_data!$E$41 -> 75269.87 | D42: =cleaned_data!$I$41 -> 83.1 | E42: =cleaned_data!$H$41 -> 21 | F42: =dummy_variables!$D$41 -> 0 | G42: =dummy_variables!$E$41 -> 1 | H42: =dummy_variables!$F$41 -> 0 | I42: =dummy_variables!$G$41 -> 1 | J42: =dummy_variables!$H$41 -> 0 | K42: =dummy_variables!$I$41 -> 0
A43: =cleaned_data!$M$42 -> 718330.53 | B43: =cleaned_data!$F$42 -> 8156 | C43: =cleaned_data!$E$42 -> 61245.41 | D43: =cleaned_data!$I$42 -> 92.9 | E43: =cleaned_data!$H$42 -> 19 | F43: =dummy_variables!$D$42 -> 0 | G43: =dummy_variables!$E$42 -> 1 | H43: =dummy_variables!$F$42 -> 0 | I43: =dummy_variables!$G$42 -> 1 | J43: =dummy_variables!$H$42 -> 0 | K43: =dummy_variables!$I$42 -> 0
A44: =cleaned_data!$M$43 -> 736633.4 | B44: =cleaned_data!$F$43 -> 7562 | C44: =cleaned_data!$E$43 -> 93381.26 | D44: =cleaned_data!$I$43 -> 82.9 | E44: =cleaned_data!$H$43 -> 19 | F44: =dummy_variables!$D$43 -> 0 | G44: =dummy_variables!$E$43 -> 1 | H44: =dummy_variables!$F$43 -> 0 | I44: =dummy_variables!$G$43 -> 1 | J44: =dummy_variables!$H$43 -> 0 | K44: =dummy_variables!$I$43 -> 0
A45: =cleaned_data!$M$44 -> 828623.85 | B45: =cleaned_data!$F$44 -> 9598 | C45: =cleaned_data!$E$44 -> 65012.19 | D45: =cleaned_data!$I$44 -> 98.3 | E45: =cleaned_data!$H$44 -> 24 | F45: =dummy_variables!$D$44 -> 0 | G45: =dummy_variables!$E$44 -> 1 | H45: =dummy_variables!$F$44 -> 0 | I45: =dummy_variables!$G$44 -> 1 | J45: =dummy_variables!$H$44 -> 0 | K45: =dummy_variables!$I$44 -> 0
A46: =cleaned_data!$M$45 -> 592195.85 | B46: =cleaned_data!$F$45 -> 3660 | C46: =cleaned_data!$E$45 -> 40462.94 | D46: =cleaned_data!$I$45 -> 95.2 | E46: =cleaned_data!$H$45 -> 11 | F46: =dummy_variables!$D$45 -> 0 | G46: =dummy_variables!$E$45 -> 1 | H46: =dummy_variables!$F$45 -> 0 | I46: =dummy_variables!$G$45 -> 0 | J46: =dummy_variables!$H$45 -> 0 | K46: =dummy_variables!$I$45 -> 0
A47: =cleaned_data!$M$46 -> 532644.46 | B47: =cleaned_data!$F$46 -> 3227 | C47: =cleaned_data!$E$46 -> 46123.88 | D47: =cleaned_data!$I$46 -> 75.4 | E47: =cleaned_data!$H$46 -> 10 | F47: =dummy_variables!$D$46 -> 0 | G47: =dummy_variables!$E$46 -> 1 | H47: =dummy_variables!$F$46 -> 0 | I47: =dummy_variables!$G$46 -> 0 | J47: =dummy_variables!$H$46 -> 0 | K47: =dummy_variables!$I$46 -> 0
A48: =cleaned_data!$M$47 -> 657429.18 | B48: =cleaned_data!$F$47 -> 3360 | C48: =cleaned_data!$E$47 -> 68077.54 | D48: =cleaned_data!$I$47 -> 88.2 | E48: =cleaned_data!$H$47 -> 14 | F48: =dummy_variables!$D$47 -> 0 | G48: =dummy_variables!$E$47 -> 1 | H48: =dummy_variables!$F$47 -> 0 | I48: =dummy_variables!$G$47 -> 0 | J48: =dummy_variables!$H$47 -> 0 | K48: =dummy_variables!$I$47 -> 0
A49: =cleaned_data!$M$48 -> 605178 | B49: =cleaned_data!$F$48 -> 3642 | C49: =cleaned_data!$E$48 -> 64882.14 | D49: =cleaned_data!$I$48 -> 87.8 | E49: =cleaned_data!$H$48 -> 13 | F49: =dummy_variables!$D$48 -> 0 | G49: =dummy_variables!$E$48 -> 1 | H49: =dummy_variables!$F$48 -> 0 | I49: =dummy_variables!$G$48 -> 0 | J49: =dummy_variables!$H$48 -> 0 | K49: =dummy_variables!$I$48 -> 0
A50: =cleaned_data!$M$49 -> 595467.6 | B50: =cleaned_data!$F$49 -> 5145 | C50: =cleaned_data!$E$49 -> 138855.51 | D50: =cleaned_data!$I$49 -> 88.2 | E50: =cleaned_data!$H$49 -> 17 | F50: =dummy_variables!$D$49 -> 0 | G50: =dummy_variables!$E$49 -> 0 | H50: =dummy_variables!$F$49 -> 1 | I50: =dummy_variables!$G$49 -> 0 | J50: =dummy_variables!$H$49 -> 0 | K50: =dummy_variables!$I$49 -> 1
A51: =cleaned_data!$M$50 -> 599603.4 | B51: =cleaned_data!$F$50 -> 4460 | C51: =cleaned_data!$E$50 -> 63630.21 | D51: =cleaned_data!$I$50 -> 98.6 | E51: =cleaned_data!$H$50 -> 14 | F51: =dummy_variables!$D$50 -> 0 | G51: =dummy_variables!$E$50 -> 0 | H51: =dummy_variables!$F$50 -> 1 | I51: =dummy_variables!$G$50 -> 0 | J51: =dummy_variables!$H$50 -> 0 | K51: =dummy_variables!$I$50 -> 1
A52: =cleaned_data!$M$51 -> 614800.09 | B52: =cleaned_data!$F$51 -> 3804 | C52: =cleaned_data!$E$51 -> 50043.65 | D52: =cleaned_data!$I$51 -> 90.9 | E52: =cleaned_data!$H$51 -> 11 | F52: =dummy_variables!$D$51 -> 0 | G52: =dummy_variables!$E$51 -> 0 | H52: =dummy_variables!$F$51 -> 1 | I52: =dummy_variables!$G$51 -> 0 | J52: =dummy_variables!$H$51 -> 0 | K52: =dummy_variables!$I$51 -> 1
A53: =cleaned_data!$M$52 -> 585365.73 | B53: =cleaned_data!$F$52 -> 4074 | C53: =cleaned_data!$E$52 -> 42093.84 | D53: =cleaned_data!$I$52 -> 88 | E53: =cleaned_data!$H$52 -> 15 | F53: =dummy_variables!$D$52 -> 0 | G53: =dummy_variables!$E$52 -> 0 | H53: =dummy_variables!$F$52 -> 1 | I53: =dummy_variables!$G$52 -> 0 | J53: =dummy_variables!$H$52 -> 0 | K53: =dummy_variables!$I$52 -> 1
A54: =cleaned_data!$M$53 -> 622811.74 | B54: =cleaned_data!$F$53 -> 5104 | C54: =cleaned_data!$E$53 -> 46624.05 | D54: =cleaned_data!$I$53 -> 97.3 | E54: =cleaned_data!$H$53 -> 11 | F54: =dummy_variables!$D$53 -> 0 | G54: =dummy_variables!$E$53 -> 1 | H54: =dummy_variables!$F$53 -> 0 | I54: =dummy_variables!$G$53 -> 1 | J54: =dummy_variables!$H$53 -> 0 | K54: =dummy_variables!$I$53 -> 0
A55: =cleaned_data!$M$54 -> 603297.57 | B55: =cleaned_data!$F$54 -> 5559 | C55: =cleaned_data!$E$54 -> 49710.29 | D55: =cleaned_data!$I$54 -> 71 | E55: =cleaned_data!$H$54 -> 14 | F55: =dummy_variables!$D$54 -> 0 | G55: =dummy_variables!$E$54 -> 1 | H55: =dummy_variables!$F$54 -> 0 | I55: =dummy_variables!$G$54 -> 1 | J55: =dummy_variables!$H$54 -> 0 | K55: =dummy_variables!$I$54 -> 0
A56: =cleaned_data!$M$55 -> 625672.86 | B56: =cleaned_data!$F$55 -> 5150 | C56: =cleaned_data!$E$55 -> 48287.85 | D56: =cleaned_data!$I$55 -> 80.4 | E56: =cleaned_data!$H$55 -> 12 | F56: =dummy_variables!$D$55 -> 0 | G56: =dummy_variables!$E$55 -> 1 | H56: =dummy_variables!$F$55 -> 0 | I56: =dummy_variables!$G$55 -> 1 | J56: =dummy_variables!$H$55 -> 0 | K56: =dummy_variables!$I$55 -> 0
A57: =cleaned_data!$M$56 -> 773815.14 | B57: =cleaned_data!$F$56 -> 7189 | C57: =cleaned_data!$E$56 -> 65312.49 | D57: =cleaned_data!$I$56 -> 93.7 | E57: =cleaned_data!$H$56 -> 19 | F57: =dummy_variables!$D$56 -> 0 | G57: =dummy_variables!$E$56 -> 1 | H57: =dummy_variables!$F$56 -> 0 | I57: =dummy_variables!$G$56 -> 1 | J57: =dummy_variables!$H$56 -> 0 | K57: =dummy_variables!$I$56 -> 0
A58: =cleaned_data!$M$57 -> 463534.25 | B58: =cleaned_data!$F$57 -> 3279 | C58: =cleaned_data!$E$57 -> 53015.46 | D58: =cleaned_data!$I$57 -> 84.3 | E58: =cleaned_data!$H$57 -> 9 | F58: =dummy_variables!$D$57 -> 0 | G58: =dummy_variables!$E$57 -> 0 | H58: =dummy_variables!$F$57 -> 0 | I58: =dummy_variables!$G$57 -> 0 | J58: =dummy_variables!$H$57 -> 0 | K58: =dummy_variables!$I$57 -> 1
A59: =cleaned_data!$M$58 -> 746677.75 | B59: =cleaned_data!$F$58 -> 5887 | C59: =cleaned_data!$E$58 -> 99874.01 | D59: =cleaned_data!$I$58 -> 88.7 | E59: =cleaned_data!$H$58 -> 14 | F59: =dummy_variables!$D$58 -> 0 | G59: =dummy_variables!$E$58 -> 0 | H59: =dummy_variables!$F$58 -> 0 | I59: =dummy_variables!$G$58 -> 0 | J59: =dummy_variables!$H$58 -> 0 | K59: =dummy_variables!$I$58 -> 1
A60: =cleaned_data!$M$59 -> 720852.5 | B60: =cleaned_data!$F$59 -> 5516 | C60: =cleaned_data!$E$59 -> 81195.5 | D60: =cleaned_data!$I$59 -> 88 | E60: =cleaned_data!$H$59 -> 14 | F60: =dummy_variables!$D$59 -> 0 | G60: =dummy_variables!$E$59 -> 0 | H60: =dummy_variables!$F$59 -> 0 | I60: =dummy_variables!$G$59 -> 0 | J60: =dummy_variables!$H$59 -> 0 | K60: =dummy_variables!$I$59 -> 1
A61: =cleaned_data!$M$60 -> 487464.91 | B61: =cleaned_data!$F$60 -> 2863 | C61: =cleaned_data!$E$60 -> 27808.6 | D61: =cleaned_data!$I$60 -> 89.3 | E61: =cleaned_data!$H$60 -> 13 | F61: =dummy_variables!$D$60 -> 0 | G61: =dummy_variables!$E$60 -> 0 | H61: =dummy_variables!$F$60 -> 0 | I61: =dummy_variables!$G$60 -> 0 | J61: =dummy_variables!$H$60 -> 0 | K61: =dummy_variables!$I$60 -> 1
A62: =cleaned_data!$M$61 -> 518049.26 | B62: =cleaned_data!$F$61 -> 2378 | C62: =cleaned_data!$E$61 -> 19365.06 | D62: =cleaned_data!$I$61 -> 94.8 | E62: =cleaned_data!$H$61 -> 12 | F62: =dummy_variables!$D$61 -> 1 | G62: =dummy_variables!$E$61 -> 0 | H62: =dummy_variables!$F$61 -> 0 | I62: =dummy_variables!$G$61 -> 0 | J62: =dummy_variables!$H$61 -> 0 | K62: =dummy_variables!$I$61 -> 0
A63: =cleaned_data!$M$62 -> 500298.48 | B63: =cleaned_data!$F$62 -> 2515 | C63: =cleaned_data!$E$62 -> 59405.68 | D63: =cleaned_data!$I$62 -> 76 | E63: =cleaned_data!$H$62 -> 12 | F63: =dummy_variables!$D$62 -> 1 | G63: =dummy_variables!$E$62 -> 0 | H63: =dummy_variables!$F$62 -> 0 | I63: =dummy_variables!$G$62 -> 0 | J63: =dummy_variables!$H$62 -> 0 | K63: =dummy_variables!$I$62 -> 0
A64: =cleaned_data!$M$63 -> 617291.15 | B64: =cleaned_data!$F$63 -> 4022 | C64: =cleaned_data!$E$63 -> 118910.48 | D64: =cleaned_data!$I$63 -> 87.1 | E64: =cleaned_data!$H$63 -> 11 | F64: =dummy_variables!$D$63 -> 1 | G64: =dummy_variables!$E$63 -> 0 | H64: =dummy_variables!$F$63 -> 0 | I64: =dummy_variables!$G$63 -> 0 | J64: =dummy_variables!$H$63 -> 0 | K64: =dummy_variables!$I$63 -> 0
A65: =cleaned_data!$M$64 -> 553756.43 | B65: =cleaned_data!$F$64 -> 4377 | C65: =cleaned_data!$E$64 -> 52952.12 | D65: =cleaned_data!$I$64 -> 88.6 | E65: =cleaned_data!$H$64 -> 14 | F65: =dummy_variables!$D$64 -> 1 | G65: =dummy_variables!$E$64 -> 0 | H65: =dummy_variables!$F$64 -> 0 | I65: =dummy_variables!$G$64 -> 0 | J65: =dummy_variables!$H$64 -> 0 | K65: =dummy_variables!$I$64 -> 0
A66: =cleaned_data!$M$65 -> 749559.71 | B66: =cleaned_data!$F$65 -> 5306 | C66: =cleaned_data!$E$65 -> 74907.98 | D66: =cleaned_data!$I$65 -> 95.6 | E66: =cleaned_data!$H$65 -> 16 | F66: =dummy_variables!$D$65 -> 0 | G66: =dummy_variables!$E$65 -> 0 | H66: =dummy_variables!$F$65 -> 0 | I66: =dummy_variables!$G$65 -> 0 | J66: =dummy_variables!$H$65 -> 1 | K66: =dummy_variables!$I$65 -> 0
A67: =cleaned_data!$M$66 -> 615966.48 | B67: =cleaned_data!$F$66 -> 3928 | C67: =cleaned_data!$E$66 -> 37284.66 | D67: =cleaned_data!$I$66 -> 86.5 | E67: =cleaned_data!$H$66 -> 12 | F67: =dummy_variables!$D$66 -> 0 | G67: =dummy_variables!$E$66 -> 0 | H67: =dummy_variables!$F$66 -> 0 | I67: =dummy_variables!$G$66 -> 0 | J67: =dummy_variables!$H$66 -> 1 | K67: =dummy_variables!$I$66 -> 0
A68: =cleaned_data!$M$67 -> 572011.2 | B68: =cleaned_data!$F$67 -> 3845 | C68: =cleaned_data!$E$67 -> 50343.19 | D68: =cleaned_data!$I$67 -> 88.7 | E68: =cleaned_data!$H$67 -> 9 | F68: =dummy_variables!$D$67 -> 0 | G68: =dummy_variables!$E$67 -> 0 | H68: =dummy_variables!$F$67 -> 0 | I68: =dummy_variables!$G$67 -> 0 | J68: =dummy_variables!$H$67 -> 1 | K68: =dummy_variables!$I$67 -> 0
A69: =cleaned_data!$M$68 -> 761860.19 | B69: =cleaned_data!$F$68 -> 6620 | C69: =cleaned_data!$E$68 -> 74954.47 | D69: =cleaned_data!$I$68 -> 91.1 | E69: =cleaned_data!$H$68 -> 17 | F69: =dummy_variables!$D$68 -> 0 | G69: =dummy_variables!$E$68 -> 0 | H69: =dummy_variables!$F$68 -> 0 | I69: =dummy_variables!$G$68 -> 0 | J69: =dummy_variables!$H$68 -> 1 | K69: =dummy_variables!$I$68 -> 0
A70: =cleaned_data!$M$69 -> 784502.68 | B70: =cleaned_data!$F$69 -> 9175 | C70: =cleaned_data!$E$69 -> 70040.31 | D70: =cleaned_data!$I$69 -> 95.1 | E70: =cleaned_data!$H$69 -> 23 | F70: =dummy_variables!$D$69 -> 0 | G70: =dummy_variables!$E$69 -> 0 | H70: =dummy_variables!$F$69 -> 0 | I70: =dummy_variables!$G$69 -> 0 | J70: =dummy_variables!$H$69 -> 0 | K70: =dummy_variables!$I$69 -> 1
A71: =cleaned_data!$M$70 -> 717141.55 | B71: =cleaned_data!$F$70 -> 7940 | C71: =cleaned_data!$E$70 -> 51148.69 | D71: =cleaned_data!$I$70 -> 93.3 | E71: =cleaned_data!$H$70 -> 18 | F71: =dummy_variables!$D$70 -> 0 | G71: =dummy_variables!$E$70 -> 0 | H71: =dummy_variables!$F$70 -> 0 | I71: =dummy_variables!$G$70 -> 0 | J71: =dummy_variables!$H$70 -> 0 | K71: =dummy_variables!$I$70 -> 1
A72: =cleaned_data!$M$71 -> 685379.08 | B72: =cleaned_data!$F$71 -> 9628 | C72: =cleaned_data!$E$71 -> 79346.1 | D72: =cleaned_data!$I$71 -> 99 | E72: =cleaned_data!$H$71 -> 20 | F72: =dummy_variables!$D$71 -> 0 | G72: =dummy_variables!$E$71 -> 0 | H72: =dummy_variables!$F$71 -> 0 | I72: =dummy_variables!$G$71 -> 0 | J72: =dummy_variables!$H$71 -> 0 | K72: =dummy_variables!$I$71 -> 1
A73: =cleaned_data!$M$72 -> 740496.65 | B73: =cleaned_data!$F$72 -> 8296 | C73: =cleaned_data!$E$72 -> 42018.4 | D73: =cleaned_data!$I$72 -> 91.8 | E73: =cleaned_data!$H$72 -> 17 | F73: =dummy_variables!$D$72 -> 0 | G73: =dummy_variables!$E$72 -> 0 | H73: =dummy_variables!$F$72 -> 0 | I73: =dummy_variables!$G$72 -> 0 | J73: =dummy_variables!$H$72 -> 0 | K73: =dummy_variables!$I$72 -> 1
A74: =cleaned_data!$M$73 -> 661927.14 | B74: =cleaned_data!$F$73 -> 3595 | C74: =cleaned_data!$E$73 -> 70937.24 | D74: =cleaned_data!$I$73 -> 88.9 | E74: =cleaned_data!$H$73 -> 11 | F74: =dummy_variables!$D$73 -> 0 | G74: =dummy_variables!$E$73 -> 0 | H74: =dummy_variables!$F$73 -> 0 | I74: =dummy_variables!$G$73 -> 0 | J74: =dummy_variables!$H$73 -> 0 | K74: =dummy_variables!$I$73 -> 0
A75: =cleaned_data!$M$74 -> 479050.5 | B75: =cleaned_data!$F$74 -> 2834 | C75: =cleaned_data!$E$74 -> 36813.45 | D75: =cleaned_data!$I$74 -> 81.8 | E75: =cleaned_data!$H$74 -> 11 | F75: =dummy_variables!$D$74 -> 0 | G75: =dummy_variables!$E$74 -> 0 | H75: =dummy_variables!$F$74 -> 0 | I75: =dummy_variables!$G$74 -> 0 | J75: =dummy_variables!$H$74 -> 0 | K75: =dummy_variables!$I$74 -> 0
A76: =cleaned_data!$M$75 -> 605023.87 | B76: =cleaned_data!$F$75 -> 3193 | C76: =cleaned_data!$E$75 -> 60571.82 | D76: =cleaned_data!$I$75 -> 99 | E76: =cleaned_data!$H$75 -> 7 | F76: =dummy_variables!$D$75 -> 0 | G76: =dummy_variables!$E$75 -> 0 | H76: =dummy_variables!$F$75 -> 0 | I76: =dummy_variables!$G$75 -> 0 | J76: =dummy_variables!$H$75 -> 0 | K76: =dummy_variables!$I$75 -> 0
A77: =cleaned_data!$M$76 -> 674774.09 | B77: =cleaned_data!$F$76 -> 5485 | C77: =cleaned_data!$E$76 -> 55081.16 | D77: =cleaned_data!$I$76 -> 88 | E77: =cleaned_data!$H$76 -> 12 | F77: =dummy_variables!$D$76 -> 0 | G77: =dummy_variables!$E$76 -> 0 | H77: =dummy_variables!$F$76 -> 0 | I77: =dummy_variables!$G$76 -> 0 | J77: =dummy_variables!$H$76 -> 0 | K77: =dummy_variables!$I$76 -> 0
A78: =cleaned_data!$M$77 -> 616069.41 | B78: =cleaned_data!$F$77 -> 5918 | C78: =cleaned_data!$E$77 -> 46201.46 | D78: =cleaned_data!$I$77 -> 78.8 | E78: =cleaned_data!$H$77 -> 13 | F78: =dummy_variables!$D$77 -> 0 | G78: =dummy_variables!$E$77 -> 0 | H78: =dummy_variables!$F$77 -> 1 | I78: =dummy_variables!$G$77 -> 0 | J78: =dummy_variables!$H$77 -> 0 | K78: =dummy_variables!$I$77 -> 0
A79: =cleaned_data!$M$78 -> 630829.94 | B79: =cleaned_data!$F$78 -> 6821 | C79: =cleaned_data!$E$78 -> 53762.92 | D79: =cleaned_data!$I$78 -> 94.6 | E79: =cleaned_data!$H$78 -> 19 | F79: =dummy_variables!$D$78 -> 0 | G79: =dummy_variables!$E$78 -> 0 | H79: =dummy_variables!$F$78 -> 1 | I79: =dummy_variables!$G$78 -> 0 | J79: =dummy_variables!$H$78 -> 0 | K79: =dummy_variables!$I$78 -> 0
A80: =cleaned_data!$M$79 -> 788087.68 | B80: =cleaned_data!$F$79 -> 6806 | C80: =cleaned_data!$E$79 -> 70144.78 | D80: =cleaned_data!$I$79 -> 93.1 | E80: =cleaned_data!$H$79 -> 20 | F80: =dummy_variables!$D$79 -> 0 | G80: =dummy_variables!$E$79 -> 0 | H80: =dummy_variables!$F$79 -> 1 | I80: =dummy_variables!$G$79 -> 0 | J80: =dummy_variables!$H$79 -> 0 | K80: =dummy_variables!$I$79 -> 0
A81: =cleaned_data!$M$80 -> 680840.36 | B81: =cleaned_data!$F$80 -> 8252 | C81: =cleaned_data!$E$80 -> 58749.63 | D81: =cleaned_data!$I$80 -> 85.2 | E81: =cleaned_data!$H$80 -> 20 | F81: =dummy_variables!$D$80 -> 0 | G81: =dummy_variables!$E$80 -> 0 | H81: =dummy_variables!$F$80 -> 1 | I81: =dummy_variables!$G$80 -> 0 | J81: =dummy_variables!$H$80 -> 0 | K81: =dummy_variables!$I$80 -> 0
A82: =cleaned_data!$M$81 -> 643657.47 | B82: =cleaned_data!$F$81 -> 6662 | C82: =cleaned_data!$E$81 -> 56973.18 | D82: =cleaned_data!$I$81 -> 77.7 | E82: =cleaned_data!$H$81 -> 15 | F82: =dummy_variables!$D$81 -> 0 | G82: =dummy_variables!$E$81 -> 0 | H82: =dummy_variables!$F$81 -> 0 | I82: =dummy_variables!$G$81 -> 0 | J82: =dummy_variables!$H$81 -> 1 | K82: =dummy_variables!$I$81 -> 0
A83: =cleaned_data!$M$82 -> 691112.6 | B83: =cleaned_data!$F$82 -> 5962 | C83: =cleaned_data!$E$82 -> 54872.82 | D83: =cleaned_data!$I$82 -> 85.4 | E83: =cleaned_data!$H$82 -> 12 | F83: =dummy_variables!$D$82 -> 0 | G83: =dummy_variables!$E$82 -> 0 | H83: =dummy_variables!$F$82 -> 0 | I83: =dummy_variables!$G$82 -> 0 | J83: =dummy_variables!$H$82 -> 1 | K83: =dummy_variables!$I$82 -> 0
A84: =cleaned_data!$M$83 -> 776922.17 | B84: =cleaned_data!$F$83 -> 7470 | C84: =cleaned_data!$E$83 -> 80562.81 | D84: =cleaned_data!$I$83 -> 83.5 | E84: =cleaned_data!$H$83 -> 16 | F84: =dummy_variables!$D$83 -> 0 | G84: =dummy_variables!$E$83 -> 0 | H84: =dummy_variables!$F$83 -> 0 | I84: =dummy_variables!$G$83 -> 0 | J84: =dummy_variables!$H$83 -> 1 | K84: =dummy_variables!$I$83 -> 0
A85: =cleaned_data!$M$84 -> 636561.34 | B85: =cleaned_data!$F$84 -> 5974 | C85: =cleaned_data!$E$84 -> 77999.9 | D85: =cleaned_data!$I$84 -> 81.3 | E85: =cleaned_data!$H$84 -> 14 | F85: =dummy_variables!$D$84 -> 0 | G85: =dummy_variables!$E$84 -> 0 | H85: =dummy_variables!$F$84 -> 0 | I85: =dummy_variables!$G$84 -> 0 | J85: =dummy_variables!$H$84 -> 1 | K85: =dummy_variables!$I$84 -> 0
A86: =cleaned_data!$M$85 -> 621369.58 | B86: =cleaned_data!$F$85 -> 5410 | C86: =cleaned_data!$E$85 -> 60881.01 | D86: =cleaned_data!$I$85 -> 83.9 | E86: =cleaned_data!$H$85 -> 15 | F86: =dummy_variables!$D$85 -> 0 | G86: =dummy_variables!$E$85 -> 1 | H86: =dummy_variables!$F$85 -> 0 | I86: =dummy_variables!$G$85 -> 0 | J86: =dummy_variables!$H$85 -> 0 | K86: =dummy_variables!$I$85 -> 1
A87: =cleaned_data!$M$86 -> 682208.01 | B87: =cleaned_data!$F$86 -> 4451 | C87: =cleaned_data!$E$86 -> 60628.38 | D87: =cleaned_data!$I$86 -> 89.6 | E87: =cleaned_data!$H$86 -> 10 | F87: =dummy_variables!$D$86 -> 0 | G87: =dummy_variables!$E$86 -> 1 | H87: =dummy_variables!$F$86 -> 0 | I87: =dummy_variables!$G$86 -> 0 | J87: =dummy_variables!$H$86 -> 0 | K87: =dummy_variables!$I$86 -> 1
A88: =cleaned_data!$M$87 -> 727241.86 | B88: =cleaned_data!$F$87 -> 4644 | C88: =cleaned_data!$E$87 -> 72731.14 | D88: =cleaned_data!$I$87 -> 87.1 | E88: =cleaned_data!$H$87 -> 15 | F88: =dummy_variables!$D$87 -> 0 | G88: =dummy_variables!$E$87 -> 1 | H88: =dummy_variables!$F$87 -> 0 | I88: =dummy_variables!$G$87 -> 0 | J88: =dummy_variables!$H$87 -> 0 | K88: =dummy_variables!$I$87 -> 1
A89: =cleaned_data!$M$88 -> 569100.78 | B89: =cleaned_data!$F$88 -> 3559 | C89: =cleaned_data!$E$88 -> 36475.71 | D89: =cleaned_data!$I$88 -> 83.6 | E89: =cleaned_data!$H$88 -> 8 | F89: =dummy_variables!$D$88 -> 0 | G89: =dummy_variables!$E$88 -> 1 | H89: =dummy_variables!$F$88 -> 0 | I89: =dummy_variables!$G$88 -> 0 | J89: =dummy_variables!$H$88 -> 0 | K89: =dummy_variables!$I$88 -> 1
A90: =cleaned_data!$M$89 -> 574436.29 | B90: =cleaned_data!$F$89 -> 3091 | C90: =cleaned_data!$E$89 -> 55388.11 | D90: =cleaned_data!$I$89 -> 85.4 | E90: =cleaned_data!$H$89 -> 7 | F90: =dummy_variables!$D$89 -> 0 | G90: =dummy_variables!$E$89 -> 0 | H90: =dummy_variables!$F$89 -> 0 | I90: =dummy_variables!$G$89 -> 0 | J90: =dummy_variables!$H$89 -> 0 | K90: =dummy_variables!$I$89 -> 1
A91: =cleaned_data!$M$90 -> 611766.72 | B91: =cleaned_data!$F$90 -> 4004 | C91: =cleaned_data!$E$90 -> 88443.77 | D91: =cleaned_data!$I$90 -> 91.9 | E91: =cleaned_data!$H$90 -> 11 | F91: =dummy_variables!$D$90 -> 0 | G91: =dummy_variables!$E$90 -> 0 | H91: =dummy_variables!$F$90 -> 0 | I91: =dummy_variables!$G$90 -> 0 | J91: =dummy_variables!$H$90 -> 0 | K91: =dummy_variables!$I$90 -> 1
A92: =cleaned_data!$M$91 -> 614596.32 | B92: =cleaned_data!$F$91 -> 3788 | C92: =cleaned_data!$E$91 -> 78231.91 | D92: =cleaned_data!$I$91 -> 88.5 | E92: =cleaned_data!$H$91 -> 11 | F92: =dummy_variables!$D$91 -> 0 | G92: =dummy_variables!$E$91 -> 0 | H92: =dummy_variables!$F$91 -> 0 | I92: =dummy_variables!$G$91 -> 0 | J92: =dummy_variables!$H$91 -> 0 | K92: =dummy_variables!$I$91 -> 1
A93: =cleaned_data!$M$92 -> 450711.92 | B93: =cleaned_data!$F$92 -> 1260 | C93: =cleaned_data!$E$92 -> 18996.32 | D93: =cleaned_data!$I$92 -> 86.4 | E93: =cleaned_data!$H$92 -> 9 | F93: =dummy_variables!$D$92 -> 0 | G93: =dummy_variables!$E$92 -> 0 | H93: =dummy_variables!$F$92 -> 0 | I93: =dummy_variables!$G$92 -> 0 | J93: =dummy_variables!$H$92 -> 0 | K93: =dummy_variables!$I$92 -> 1
A94: =cleaned_data!$M$93 -> 711213.46 | B94: =cleaned_data!$F$93 -> 7024 | C94: =cleaned_data!$E$93 -> 50517.94 | D94: =cleaned_data!$I$93 -> 79.2 | E94: =cleaned_data!$H$93 -> 18 | F94: =dummy_variables!$D$93 -> 0 | G94: =dummy_variables!$E$93 -> 1 | H94: =dummy_variables!$F$93 -> 0 | I94: =dummy_variables!$G$93 -> 0 | J94: =dummy_variables!$H$93 -> 1 | K94: =dummy_variables!$I$93 -> 0
A95: =cleaned_data!$M$94 -> 627171.9 | B95: =cleaned_data!$F$94 -> 5400 | C95: =cleaned_data!$E$94 -> 141540.29 | D95: =cleaned_data!$I$94 -> 87 | E95: =cleaned_data!$H$94 -> 12 | F95: =dummy_variables!$D$94 -> 0 | G95: =dummy_variables!$E$94 -> 1 | H95: =dummy_variables!$F$94 -> 0 | I95: =dummy_variables!$G$94 -> 0 | J95: =dummy_variables!$H$94 -> 1 | K95: =dummy_variables!$I$94 -> 0
A96: =cleaned_data!$M$95 -> 739852.58 | B96: =cleaned_data!$F$95 -> 5988 | C96: =cleaned_data!$E$95 -> 82116.19 | D96: =cleaned_data!$I$95 -> 91.8 | E96: =cleaned_data!$H$95 -> 17 | F96: =dummy_variables!$D$95 -> 0 | G96: =dummy_variables!$E$95 -> 1 | H96: =dummy_variables!$F$95 -> 0 | I96: =dummy_variables!$G$95 -> 0 | J96: =dummy_variables!$H$95 -> 1 | K96: =dummy_variables!$I$95 -> 0
A97: =cleaned_data!$M$96 -> 586307.22 | B97: =cleaned_data!$F$96 -> 3701 | C97: =cleaned_data!$E$96 -> 31207.51 | D97: =cleaned_data!$I$96 -> 84.7 | E97: =cleaned_data!$H$96 -> 11 | F97: =dummy_variables!$D$96 -> 0 | G97: =dummy_variables!$E$96 -> 1 | H97: =dummy_variables!$F$96 -> 0 | I97: =dummy_variables!$G$96 -> 0 | J97: =dummy_variables!$H$96 -> 1 | K97: =dummy_variables!$I$96 -> 0
A98: =cleaned_data!$M$97 -> 585937.48 | B98: =cleaned_data!$F$97 -> 4509 | C98: =cleaned_data!$E$97 -> 38966.59 | D98: =cleaned_data!$I$97 -> 91.1 | E98: =cleaned_data!$H$97 -> 14 | F98: =dummy_variables!$D$97 -> 0 | G98: =dummy_variables!$E$97 -> 0 | H98: =dummy_variables!$F$97 -> 1 | I98: =dummy_variables!$G$97 -> 0 | J98: =dummy_variables!$H$97 -> 0 | K98: =dummy_variables!$I$97 -> 1
A99: =cleaned_data!$M$98 -> 753473.55 | B99: =cleaned_data!$F$98 -> 6477 | C99: =cleaned_data!$E$98 -> 67439.3 | D99: =cleaned_data!$I$98 -> 90.9 | E99: =cleaned_data!$H$98 -> 16 | F99: =dummy_variables!$D$98 -> 0 | G99: =dummy_variables!$E$98 -> 0 | H99: =dummy_variables!$F$98 -> 1 | I99: =dummy_variables!$G$98 -> 0 | J99: =dummy_variables!$H$98 -> 0 | K99: =dummy_variables!$I$98 -> 1
A100: =cleaned_data!$M$99 -> 838250.32 | B100: =cleaned_data!$F$99 -> 7970 | C100: =cleaned_data!$E$99 -> 86421.88 | D100: =cleaned_data!$I$99 -> 91.3 | E100: =cleaned_data!$H$99 -> 17 | F100: =dummy_variables!$D$99 -> 0 | G100: =dummy_variables!$E$99 -> 0 | H100: =dummy_variables!$F$99 -> 1 | I100: =dummy_variables!$G$99 -> 0 | J100: =dummy_variables!$H$99 -> 0 | K100: =dummy_variables!$I$99 -> 1
A101: =cleaned_data!$M$100 -> 607898.12 | B101: =cleaned_data!$F$100 -> 6057 | C101: =cleaned_data!$E$100 -> 9534.65 | D101: =cleaned_data!$I$100 -> 94.1 | E101: =cleaned_data!$H$100 -> 15 | F101: =dummy_variables!$D$100 -> 0 | G101: =dummy_variables!$E$100 -> 0 | H101: =dummy_variables!$F$100 -> 1 | I101: =dummy_variables!$G$100 -> 0 | J101: =dummy_variables!$H$100 -> 0 | K101: =dummy_variables!$I$100 -> 1
...

Sheet prediction_residuals
A1: PREDICTED SALES & RESIDUAL CALCULATION (Final Model: Multiple Regression)
A2: predicted_sales = Intercept + sum(coefficient_i * X_i). residual = monthly_sales (actual) - predicted_sales. Coefficients pulled live from 'multiple_regression' sheet.
A4: store_id | B4: month | C4: region | D4: store_type | E4: monthly_sales (actual) | F4: predicted_sales | G4: residual
A5: =cleaned_data!$A$5 -> STR-1001 | B5: =cleaned_data!$B$5 -> 2025-01-01 | C5: =cleaned_data!$C$5 -> East | D5: =cleaned_data!$D$5 -> Residential | E5: =cleaned_data!$M$5 -> 658832.62 | F5: =multiple_regression!$O$18+multiple_regression!$O$19*cleaned_data!$F$5+multiple_regression!$O$20*cleaned_data!$E$5+multiple_regression!$O$21*cleaned_data!$I$5+multiple_regression!$O$22*cleaned_data!$H$5+multiple_regression!$O$23*dummy_variables!$D$5+multiple_regression!$O$24*dummy_variables!$E$5+multiple_regression!$O$25*dummy_variables!$F$5+multiple_regression!$O$26*dummy_variables!$G$5+multiple_regression!$O$27*dummy_variables!$H$5+multiple_regression!$O$28*dummy_variables!$I$5 -> 681073.06 | G5: =E5-F5 -> -22240.444
A6: =cleaned_data!$A$6 -> STR-1001 | B6: =cleaned_data!$B$6 -> 2025-02-01 | C6: =cleaned_data!$C$6 -> East | D6: =cleaned_data!$D$6 -> Residential | E6: =cleaned_data!$M$6 -> 634436 | F6: =multiple_regression!$O$18+multiple_regression!$O$19*cleaned_data!$F$6+multiple_regression!$O$20*cleaned_data!$E$6+multiple_regression!$O$21*cleaned_data!$I$6+multiple_regression!$O$22*cleaned_data!$H$6+multiple_regression!$O$23*dummy_variables!$D$6+multiple_regression!$O$24*dummy_variables!$E$6+multiple_regression!$O$25*dummy_variables!$F$6+multiple_regression!$O$26*dummy_variables!$G$6+multiple_regression!$O$27*dummy_variables!$H$6+multiple_regression!$O$28*dummy_variables!$I$6 -> 700207.92 | G6: =E6-F6 -> -65771.925
A7: =cleaned_data!$A$7 -> STR-1001 | B7: =cleaned_data!$B$7 -> 2025-03-01 | C7: =cleaned_data!$C$7 -> East | D7: =cleaned_data!$D$7 -> Residential | E7: =cleaned_data!$M$7 -> 678722.06 | F7: =multiple_regression!$O$18+multiple_regression!$O$19*cleaned_data!$F$7+multiple_regression!$O$20*cleaned_data!$E$7+multiple_regression!$O$21*cleaned_data!$I$7+multiple_regression!$O$22*cleaned_data!$H$7+multiple_regression!$O$23*dummy_variables!$D$7+multiple_regression!$O$24*dummy_variables!$E$7+multiple_regression!$O$25*dummy_variables!$F$7+multiple_regression!$O$26*dummy_variables!$G$7+multiple_regression!$O$27*dummy_variables!$H$7+multiple_regression!$O$28*dummy_variables!$I$7 -> 739583.53 | G7: =E7-F7 -> -60861.467
A8: =cleaned_data!$A$8 -> STR-1001 | B8: =cleaned_data!$B$8 -> 2025-04-01 | C8: =cleaned_data!$C$8 -> East | D8: =cleaned_data!$D$8 -> Residential | E8: =cleaned_data!$M$8 -> 658920.3 | F8: =multiple_regression!$O$18+multiple_regression!$O$19*cleaned_data!$F$8+multiple_regression!$O$20*cleaned_data!$E$8+multiple_regression!$O$21*cleaned_data!$I$8+multiple_regression!$O$22*cleaned_data!$H$8+multiple_regression!$O$23*dummy_variables!$D$8+multiple_regression!$O$24*dummy_variables!$E$8+multiple_regression!$O$25*dummy_variables!$F$8+multiple_regression!$O$26*dummy_variables!$G$8+multiple_regression!$O$27*dummy_variables!$H$8+multiple_regression!$O$28*dummy_variables!$I$8 -> 750221.7 | G8: =E8-F8 -> -91301.4
A9: =cleaned_data!$A$9 -> STR-1002 | B9: =cleaned_data!$B$9 -> 2025-01-01 | C9: =cleaned_data!$C$9 -> East | D9: =cleaned_data!$D$9 -> High Street | E9: =cleaned_data!$M$9 -> 741341.44 | F9: =multiple_regression!$O$18+multiple_regression!$O$19*cleaned_data!$F$9+multiple_regression!$O$20*cleaned_data!$E$9+multiple_regression!$O$21*cleaned_data!$I$9+multiple_regression!$O$22*cleaned_data!$H$9+multiple_regression!$O$23*dummy_variables!$D$9+multiple_regression!$O$24*dummy_variables!$E$9+multiple_regression!$O$25*dummy_variables!$F$9+multiple_regression!$O$26*dummy_variables!$G$9+multiple_regression!$O$27*dummy_variables!$H$9+multiple_regression!$O$28*dummy_variables!$I$9 -> 787555.19 | G9: =E9-F9 -> -46213.747
A10: =cleaned_data!$A$10 -> STR-1002 | B10: =cleaned_data!$B$10 -> 2025-02-01 | C10: =cleaned_data!$C$10 -> East | D10: =cleaned_data!$D$10 -> High Street | E10: =cleaned_data!$M$10 -> 761835.34 | F10: =multiple_regression!$O$18+multiple_regression!$O$19*cleaned_data!$F$10+multiple_regression!$O$20*cleaned_data!$E$10+multiple_regression!$O$21*cleaned_data!$I$10+multiple_regression!$O$22*cleaned_data!$H$10+multiple_regression!$O$23*dummy_variables!$D$10+multiple_regression!$O$24*dummy_variables!$E$10+multiple_regression!$O$25*dummy_variables!$F$10+multiple_regression!$O$26*dummy_variables!$G$10+multiple_regression!$O$27*dummy_variables!$H$10+multiple_regression!$O$28*dummy_variables!$I$10 -> 770886.53 | G10: =E10-F10 -> -9051.1938
A11: =cleaned_data!$A$11 -> STR-1002 | B11: =cleaned_data!$B$11 -> 2025-03-01 | C11: =cleaned_data!$C$11 -> East | D11: =cleaned_data!$D$11 -> High Street | E11: =cleaned_data!$M$11 -> 806615.54 | F11: =multiple_regression!$O$18+multiple_regression!$O$19*cleaned_data!$F$11+multiple_regression!$O$20*cleaned_data!$E$11+multiple_regression!$O$21*cleaned_data!$I$11+multiple_regression!$O$22*cleaned_data!$H$11+multiple_regression!$O$23*dummy_variables!$D$11+multiple_regression!$O$24*dummy_variables!$E$11+multiple_regression!$O$25*dummy_variables!$F$11+multiple_regression!$O$26*dummy_variables!$G$11+multiple_regression!$O$27*dummy_variables!$H$11+multiple_regression!$O$28*dummy_variables!$I$11 -> 781399.31 | G11: =E11-F11 -> 25216.23
A12: =cleaned_data!$A$12 -> STR-1002 | B12: =cleaned_data!$B$12 -> 2025-04-01 | C12: =cleaned_data!$C$12 -> East | D12: =cleaned_data!$D$12 -> High Street | E12: =cleaned_data!$M$12 -> 850164.26 | F12: =multiple_regression!$O$18+multiple_regression!$O$19*cleaned_data!$F$12+multiple_regression!$O$20*cleaned_data!$E$12+multiple_regression!$O$21*cleaned_data!$I$12+multiple_regression!$O$22*cleaned_data!$H$12+multiple_regression!$O$23*dummy_variables!$D$12+multiple_regression!$O$24*dummy_variables!$E$12+multiple_regression!$O$25*dummy_variables!$F$12+multiple_regression!$O$26*dummy_variables!$G$12+multiple_regression!$O$27*dummy_variables!$H$12+multiple_regression!$O$28*dummy_variables!$I$12 -> 782097.09 | G12: =E12-F12 -> 68067.173
A13: =cleaned_data!$A$13 -> STR-1003 | B13: =cleaned_data!$B$13 -> 2025-01-01 | C13: =cleaned_data!$C$13 -> North | D13: =cleaned_data!$D$13 -> Airport | E13: =cleaned_data!$M$13 -> 930581.7 | F13: =multiple_regression!$O$18+multiple_regression!$O$19*cleaned_data!$F$13+multiple_regression!$O$20*cleaned_data!$E$13+multiple_regression!$O$21*cleaned_data!$I$13+multiple_regression!$O$22*cleaned_data!$H$13+multiple_regression!$O$23*dummy_variables!$D$13+multiple_regression!$O$24*dummy_variables!$E$13+multiple_regression!$O$25*dummy_variables!$F$13+multiple_regression!$O$26*dummy_variables!$G$13+multiple_regression!$O$27*dummy_variables!$H$13+multiple_regression!$O$28*dummy_variables!$I$13 -> 873444.96 | G13: =E13-F13 -> 57136.737
A14: =cleaned_data!$A$14 -> STR-1003 | B14: =cleaned_data!$B$14 -> 2025-02-01 | C14: =cleaned_data!$C$14 -> North | D14: =cleaned_data!$D$14 -> Airport | E14: =cleaned_data!$M$14 -> 779010.94 | F14: =multiple_regression!$O$18+multiple_regression!$O$19*cleaned_data!$F$14+multiple_regression!$O$20*cleaned_data!$E$14+multiple_regression!$O$21*cleaned_data!$I$14+multiple_regression!$O$22*cleaned_data!$H$14+multiple_regression!$O$23*dummy_variables!$D$14+multiple_regression!$O$24*dummy_variables!$E$14+multiple_regression!$O$25*dummy_variables!$F$14+multiple_regression!$O$26*dummy_variables!$G$14+multiple_regression!$O$27*dummy_variables!$H$14+multiple_regression!$O$28*dummy_variables!$I$14 -> 800511.55 | G14: =E14-F14 -> -21500.61
A15: =cleaned_data!$A$15 -> STR-1003 | B15: =cleaned_data!$B$15 -> 2025-03-01 | C15: =cleaned_data!$C$15 -> North | D15: =cleaned_data!$D$15 -> Airport | E15: =cleaned_data!$M$15 -> 723060.76 | F15: =multiple_regression!$O$18+multiple_regression!$O$19*cleaned_data!$F$15+multiple_regression!$O$20*cleaned_data!$E$15+multiple_regression!$O$21*cleaned_data!$I$15+multiple_regression!$O$22*cleaned_data!$H$15+multiple_regression!$O$23*dummy_variables!$D$15+multiple_regression!$O$24*dummy_variables!$E$15+multiple_regression!$O$25*dummy_variables!$F$15+multiple_regression!$O$26*dummy_variables!$G$15+multiple_regression!$O$27*dummy_variables!$H$15+multiple_regression!$O$28*dummy_variables!$I$15 -> 765214.12 | G15: =E15-F15 -> -42153.364
A16: =cleaned_data!$A$16 -> STR-1003 | B16: =cleaned_data!$B$16 -> 2025-04-01 | C16: =cleaned_data!$C$16 -> North | D16: =cleaned_data!$D$16 -> Airport | E16: =cleaned_data!$M$16 -> 910791.94 | F16: =multiple_regression!$O$18+multiple_regression!$O$19*cleaned_data!$F$16+multiple_regression!$O$20*cleaned_data!$E$16+multiple_regression!$O$21*cleaned_data!$I$16+multiple_regression!$O$22*cleaned_data!$H$16+multiple_regression!$O$23*dummy_variables!$D$16+multiple_regression!$O$24*dummy_variables!$E$16+multiple_regression!$O$25*dummy_variables!$F$16+multiple_regression!$O$26*dummy_variables!$G$16+multiple_regression!$O$27*dummy_variables!$H$16+multiple_regression!$O$28*dummy_variables!$I$16 -> 871822.08 | G16: =E16-F16 -> 38969.862
A17: =cleaned_data!$A$17 -> STR-1004 | B17: =cleaned_data!$B$17 -> 2025-01-01 | C17: =cleaned_data!$C$17 -> East | D17: =cleaned_data!$D$17 -> Residential | E17: =cleaned_data!$M$17 -> 922168.6 | F17: =multiple_regression!$O$18+multiple_regression!$O$19*cleaned_data!$F$17+multiple_regression!$O$20*cleaned_data!$E$17+multiple_regression!$O$21*cleaned_data!$I$17+multiple_regression!$O$22*cleaned_data!$H$17+multiple_regression!$O$23*dummy_variables!$D$17+multiple_regression!$O$24*dummy_variables!$E$17+multiple_regression!$O$25*dummy_variables!$F$17+multiple_regression!$O$26*dummy_variables!$G$17+multiple_regression!$O$27*dummy_variables!$H$17+multiple_regression!$O$28*dummy_variables!$I$17 -> 868113.28 | G17: =E17-F17 -> 54055.315
A18: =cleaned_data!$A$18 -> STR-1004 | B18: =cleaned_data!$B$18 -> 2025-02-01 | C18: =cleaned_data!$C$18 -> East | D18: =cleaned_data!$D$18 -> Residential | E18: =cleaned_data!$M$18 -> 726606.28 | F18: =multiple_regression!$O$18+multiple_regression!$O$19*cleaned_data!$F$18+multiple_regression!$O$20*cleaned_data!$E$18+multiple_regression!$O$21*cleaned_data!$I$18+multiple_regression!$O$22*cleaned_data!$H$18+multiple_regression!$O$23*dummy_variables!$D$18+multiple_regression!$O$24*dummy_variables!$E$18+multiple_regression!$O$25*dummy_variables!$F$18+multiple_regression!$O$26*dummy_variables!$G$18+multiple_regression!$O$27*dummy_variables!$H$18+multiple_regression!$O$28*dummy_variables!$I$18 -> 763628.35 | G18: =E18-F18 -> -37022.065
A19: =cleaned_data!$A$19 -> STR-1004 | B19: =cleaned_data!$B$19 -> 2025-03-01 | C19: =cleaned_data!$C$19 -> East | D19: =cleaned_data!$D$19 -> Residential | E19: =cleaned_data!$M$19 -> 746501.09 | F19: =multiple_regression!$O$18+multiple_regression!$O$19*cleaned_data!$F$19+multiple_regression!$O$20*cleaned_data!$E$19+multiple_regression!$O$21*cleaned_data!$I$19+multiple_regression!$O$22*cleaned_data!$H$19+multiple_regression!$O$23*dummy_variables!$D$19+multiple_regression!$O$24*dummy_variables!$E$19+multiple_regression!$O$25*dummy_variables!$F$19+multiple_regression!$O$26*dummy_variables!$G$19+multiple_regression!$O$27*dummy_variables!$H$19+multiple_regression!$O$28*dummy_variables!$I$19 -> 744058.56 | G19: =E19-F19 -> 2442.5298
A20: =cleaned_data!$A$20 -> STR-1004 | B20: =cleaned_data!$B$20 -> 2025-04-01 | C20: =cleaned_data!$C$20 -> East | D20: =cleaned_data!$D$20 -> Residential | E20: =cleaned_data!$M$20 -> 834017.02 | F20: =multiple_regression!$O$18+multiple_regression!$O$19*cleaned_data!$F$20+multiple_regression!$O$20*cleaned_data!$E$20+multiple_regression!$O$21*cleaned_data!$I$20+multiple_regression!$O$22*cleaned_data!$H$20+multiple_regression!$O$23*dummy_variables!$D$20+multiple_regression!$O$24*dummy_variables!$E$20+multiple_regression!$O$25*dummy_variables!$F$20+multiple_regression!$O$26*dummy_variables!$G$20+multiple_regression!$O$27*dummy_variables!$H$20+multiple_regression!$O$28*dummy_variables!$I$20 -> 792513.83 | G20: =E20-F20 -> 41503.189
A21: =cleaned_data!$A$21 -> STR-1005 | B21: =cleaned_data!$B$21 -> 2025-01-01 | C21: =cleaned_data!$C$21 -> South | D21: =cleaned_data!$D$21 -> Residential | E21: =cleaned_data!$M$21 -> 666152.52 | F21: =multiple_regression!$O$18+multiple_regression!$O$19*cleaned_data!$F$21+multiple_regression!$O$20*cleaned_data!$E$21+multiple_regression!$O$21*cleaned_data!$I$21+multiple_regression!$O$22*cleaned_data!$H$21+multiple_regression!$O$23*dummy_variables!$D$21+multiple_regression!$O$24*dummy_variables!$E$21+multiple_regression!$O$25*dummy_variables!$F$21+multiple_regression!$O$26*dummy_variables!$G$21+multiple_regression!$O$27*dummy_variables!$H$21+multiple_regression!$O$28*dummy_variables!$I$21 -> 673310.65 | G21: =E21-F21 -> -7158.1303
A22: =cleaned_data!$A$22 -> STR-1005 | B22: =cleaned_data!$B$22 -> 2025-02-01 | C22: =cleaned_data!$C$22 -> South | D22: =cleaned_data!$D$22 -> Residential | E22: =cleaned_data!$M$22 -> 573155.19 | F22: =multiple_regression!$O$18+multiple_regression!$O$19*cleaned_data!$F$22+multiple_regression!$O$20*cleaned_data!$E$22+multiple_regression!$O$21*cleaned_data!$I$22+multiple_regression!$O$22*cleaned_data!$H$22+multiple_regression!$O$23*dummy_variables!$D$22+multiple_regression!$O$24*dummy_variables!$E$22+multiple_regression!$O$25*dummy_variables!$F$22+multiple_regression!$O$26*dummy_variables!$G$22+multiple_regression!$O$27*dummy_variables!$H$22+multiple_regression!$O$28*dummy_variables!$I$22 -> 587823.25 | G22: =E22-F22 -> -14668.056
A23: =cleaned_data!$A$23 -> STR-1005 | B23: =cleaned_data!$B$23 -> 2025-03-01 | C23: =cleaned_data!$C$23 -> South | D23: =cleaned_data!$D$23 -> Residential | E23: =cleaned_data!$M$23 -> 666573.2 | F23: =multiple_regression!$O$18+multiple_regression!$O$19*cleaned_data!$F$23+multiple_regression!$O$20*cleaned_data!$E$23+multiple_regression!$O$21*cleaned_data!$I$23+multiple_regression!$O$22*cleaned_data!$H$23+multiple_regression!$O$23*dummy_variables!$D$23+multiple_regression!$O$24*dummy_variables!$E$23+multiple_regression!$O$25*dummy_variables!$F$23+multiple_regression!$O$26*dummy_variables!$G$23+multiple_regression!$O$27*dummy_variables!$H$23+multiple_regression!$O$28*dummy_variables!$I$23 -> 683980.76 | G23: =E23-F23 -> -17407.561
A24: =cleaned_data!$A$24 -> STR-1005 | B24: =cleaned_data!$B$24 -> 2025-04-01 | C24: =cleaned_data!$C$24 -> South | D24: =cleaned_data!$D$24 -> Residential | E24: =cleaned_data!$M$24 -> 591619.95 | F24: =multiple_regression!$O$18+multiple_regression!$O$19*cleaned_data!$F$24+multiple_regression!$O$20*cleaned_data!$E$24+multiple_regression!$O$21*cleaned_data!$I$24+multiple_regression!$O$22*cleaned_data!$H$24+multiple_regression!$O$23*dummy_variables!$D$24+multiple_regression!$O$24*dummy_variables!$E$24+multiple_regression!$O$25*dummy_variables!$F$24+multiple_regression!$O$26*dummy_variables!$G$24+multiple_regression!$O$27*dummy_variables!$H$24+multiple_regression!$O$28*dummy_variables!$I$24 -> 606069.25 | G24: =E24-F24 -> -14449.304
A25: =cleaned_data!$A$25 -> STR-1006 | B25: =cleaned_data!$B$25 -> 2025-01-01 | C25: =cleaned_data!$C$25 -> North | D25: =cleaned_data!$D$25 -> Residential | E25: =cleaned_data!$M$25 -> 415721.82 | F25: =multiple_regression!$O$18+multiple_regression!$O$19*cleaned_data!$F$25+multiple_regression!$O$20*cleaned_data!$E$25+multiple_regression!$O$21*cleaned_data!$I$25+multiple_regression!$O$22*cleaned_data!$H$25+multiple_regression!$O$23*dummy_variables!$D$25+multiple_regression!$O$24*dummy_variables!$E$25+multiple_regression!$O$25*dummy_variables!$F$25+multiple_regression!$O$26*dummy_variables!$G$25+multiple_regression!$O$27*dummy_variables!$H$25+multiple_regression!$O$28*dummy_variables!$I$25 -> 490816.29 | G25: =E25-F25 -> -75094.467
A26: =cleaned_data!$A$26 -> STR-1006 | B26: =cleaned_data!$B$26 -> 2025-02-01 | C26: =cleaned_data!$C$26 -> North | D26: =cleaned_data!$D$26 -> Residential | E26: =cleaned_data!$M$26 -> 491905.13 | F26: =multiple_regression!$O$18+multiple_regression!$O$19*cleaned_data!$F$26+multiple_regression!$O$20*cleaned_data!$E$26+multiple_regression!$O$21*cleaned_data!$I$26+multiple_regression!$O$22*cleaned_data!$H$26+multiple_regression!$O$23*dummy_variables!$D$26+multiple_regression!$O$24*dummy_variables!$E$26+multiple_regression!$O$25*dummy_variables!$F$26+multiple_regression!$O$26*dummy_variables!$G$26+multiple_regression!$O$27*dummy_variables!$H$26+multiple_regression!$O$28*dummy_variables!$I$26 -> 482640.62 | G26: =E26-F26 -> 9264.5072
A27: =cleaned_data!$A$27 -> STR-1006 | B27: =cleaned_data!$B$27 -> 2025-03-01 | C27: =cleaned_data!$C$27 -> North | D27: =cleaned_data!$D$27 -> Residential | E27: =cleaned_data!$M$27 -> 555929.4 | F27: =multiple_regression!$O$18+multiple_regression!$O$19*cleaned_data!$F$27+multiple_regression!$O$20*cleaned_data!$E$27+multiple_regression!$O$21*cleaned_data!$I$27+multiple_regression!$O$22*cleaned_data!$H$27+multiple_regression!$O$23*dummy_variables!$D$27+multiple_regression!$O$24*dummy_variables!$E$27+multiple_regression!$O$25*dummy_variables!$F$27+multiple_regression!$O$26*dummy_variables!$G$27+multiple_regression!$O$27*dummy_variables!$H$27+multiple_regression!$O$28*dummy_variables!$I$27 -> 523173.38 | G27: =E27-F27 -> 32756.015
A28: =cleaned_data!$A$28 -> STR-1006 | B28: =cleaned_data!$B$28 -> 2025-04-01 | C28: =cleaned_data!$C$28 -> North | D28: =cleaned_data!$D$28 -> Residential | E28: =cleaned_data!$M$28 -> 565810.99 | F28: =multiple_regression!$O$18+multiple_regression!$O$19*cleaned_data!$F$28+multiple_regression!$O$20*cleaned_data!$E$28+multiple_regression!$O$21*cleaned_data!$I$28+multiple_regression!$O$22*cleaned_data!$H$28+multiple_regression!$O$23*dummy_variables!$D$28+multiple_regression!$O$24*dummy_variables!$E$28+multiple_regression!$O$25*dummy_variables!$F$28+multiple_regression!$O$26*dummy_variables!$G$28+multiple_regression!$O$27*dummy_variables!$H$28+multiple_regression!$O$28*dummy_variables!$I$28 -> 552295.43 | G28: =E28-F28 -> 13515.564
A29: =cleaned_data!$A$29 -> STR-1007 | B29: =cleaned_data!$B$29 -> 2025-01-01 | C29: =cleaned_data!$C$29 -> West | D29: =cleaned_data!$D$29 -> Mall | E29: =cleaned_data!$M$29 -> 811771.14 | F29: =multiple_regression!$O$18+multiple_regression!$O$19*cleaned_data!$F$29+multiple_regression!$O$20*cleaned_data!$E$29+multiple_regression!$O$21*cleaned_data!$I$29+multiple_regression!$O$22*cleaned_data!$H$29+multiple_regression!$O$23*dummy_variables!$D$29+multiple_regression!$O$24*dummy_variables!$E$29+multiple_regression!$O$25*dummy_variables!$F$29+multiple_regression!$O$26*dummy_variables!$G$29+multiple_regression!$O$27*dummy_variables!$H$29+multiple_regression!$O$28*dummy_variables!$I$29 -> 851690.26 | G29: =E29-F29 -> -39919.121
A30: =cleaned_data!$A$30 -> STR-1007 | B30: =cleaned_data!$B$30 -> 2025-02-01 | C30: =cleaned_data!$C$30 -> West | D30: =cleaned_data!$D$30 -> Mall | E30: =cleaned_data!$M$30 -> 800451.94 | F30: =multiple_regression!$O$18+multiple_regression!$O$19*cleaned_data!$F$30+multiple_regression!$O$20*cleaned_data!$E$30+multiple_regression!$O$21*cleaned_data!$I$30+multiple_regression!$O$22*cleaned_data!$H$30+multiple_regression!$O$23*dummy_variables!$D$30+multiple_regression!$O$24*dummy_variables!$E$30+multiple_regression!$O$25*dummy_variables!$F$30+multiple_regression!$O$26*dummy_variables!$G$30+multiple_regression!$O$27*dummy_variables!$H$30+multiple_regression!$O$28*dummy_variables!$I$30 -> 914908.11 | G30: =E30-F30 -> -114456.17
A31: =cleaned_data!$A$31 -> STR-1007 | B31: =cleaned_data!$B$31 -> 2025-03-01 | C31: =cleaned_data!$C$31 -> West | D31: =cleaned_data!$D$31 -> Mall | E31: =cleaned_data!$M$31 -> 783672.82 | F31: =multiple_regression!$O$18+multiple_regression!$O$19*cleaned_data!$F$31+multiple_regression!$O$20*cleaned_data!$E$31+multiple_regression!$O$21*cleaned_data!$I$31+multiple_regression!$O$22*cleaned_data!$H$31+multiple_regression!$O$23*dummy_variables!$D$31+multiple_regression!$O$24*dummy_variables!$E$31+multiple_regression!$O$25*dummy_variables!$F$31+multiple_regression!$O$26*dummy_variables!$G$31+multiple_regression!$O$27*dummy_variables!$H$31+multiple_regression!$O$28*dummy_variables!$I$31 -> 808519.55 | G31: =E31-F31 -> -24846.733
A32: =cleaned_data!$A$32 -> STR-1007 | B32: =cleaned_data!$B$32 -> 2025-04-01 | C32: =cleaned_data!$C$32 -> West | D32: =cleaned_data!$D$32 -> Mall | E32: =cleaned_data!$M$32 -> 701641.97 | F32: =multiple_regression!$O$18+multiple_regression!$O$19*cleaned_data!$F$32+multiple_regression!$O$20*cleaned_data!$E$32+multiple_regression!$O$21*cleaned_data!$I$32+multiple_regression!$O$22*cleaned_data!$H$32+multiple_regression!$O$23*dummy_variables!$D$32+multiple_regression!$O$24*dummy_variables!$E$32+multiple_regression!$O$25*dummy_variables!$F$32+multiple_regression!$O$26*dummy_variables!$G$32+multiple_regression!$O$27*dummy_variables!$H$32+multiple_regression!$O$28*dummy_variables!$I$32 -> 702550.92 | G32: =E32-F32 -> -908.95466
A33: =cleaned_data!$A$33 -> STR-1008 | B33: =cleaned_data!$B$33 -> 2025-01-01 | C33: =cleaned_data!$C$33 -> East | D33: =cleaned_data!$D$33 -> Residential | E33: =cleaned_data!$M$33 -> 511844.41 | F33: =multiple_regression!$O$18+multiple_regression!$O$19*cleaned_data!$F$33+multiple_regression!$O$20*cleaned_data!$E$33+multiple_regression!$O$21*cleaned_data!$I$33+multiple_regression!$O$22*cleaned_data!$H$33+multiple_regression!$O$23*dummy_variables!$D$33+multiple_regression!$O$24*dummy_variables!$E$33+multiple_regression!$O$25*dummy_variables!$F$33+multiple_regression!$O$26*dummy_variables!$G$33+multiple_regression!$O$27*dummy_variables!$H$33+multiple_regression!$O$28*dummy_variables!$I$33 -> 567895.74 | G33: =E33-F33 -> -56051.334
A34: =cleaned_data!$A$34 -> STR-1008 | B34: =cleaned_data!$B$34 -> 2025-02-01 | C34: =cleaned_data!$C$34 -> East | D34: =cleaned_data!$D$34 -> Residential | E34: =cleaned_data!$M$34 -> 537383.79 | F34: =multiple_regression!$O$18+multiple_regression!$O$19*cleaned_data!$F$34+multiple_regression!$O$20*cleaned_data!$E$34+multiple_regression!$O$21*cleaned_data!$I$34+multiple_regression!$O$22*cleaned_data!$H$34+multiple_regression!$O$23*dummy_variables!$D$34+multiple_regression!$O$24*dummy_variables!$E$34+multiple_regression!$O$25*dummy_variables!$F$34+multiple_regression!$O$26*dummy_variables!$G$34+multiple_regression!$O$27*dummy_variables!$H$34+multiple_regression!$O$28*dummy_variables!$I$34 -> 517388.62 | G34: =E34-F34 -> 19995.165
A35: =cleaned_data!$A$35 -> STR-1008 | B35: =cleaned_data!$B$35 -> 2025-03-01 | C35: =cleaned_data!$C$35 -> East | D35: =cleaned_data!$D$35 -> Residential | E35: =cleaned_data!$M$35 -> 500173.02 | F35: =multiple_regression!$O$18+multiple_regression!$O$19*cleaned_data!$F$35+multiple_regression!$O$20*cleaned_data!$E$35+multiple_regression!$O$21*cleaned_data!$I$35+multiple_regression!$O$22*cleaned_data!$H$35+multiple_regression!$O$23*dummy_variables!$D$35+multiple_regression!$O$24*dummy_variables!$E$35+multiple_regression!$O$25*dummy_variables!$F$35+multiple_regression!$O$26*dummy_variables!$G$35+multiple_regression!$O$27*dummy_variables!$H$35+multiple_regression!$O$28*dummy_variables!$I$35 -> 504237.41 | G35: =E35-F35 -> -4064.387
A36: =cleaned_data!$A$36 -> STR-1008 | B36: =cleaned_data!$B$36 -> 2025-04-01 | C36: =cleaned_data!$C$36 -> East | D36: =cleaned_data!$D$36 -> Residential | E36: =cleaned_data!$M$36 -> 427917.38 | F36: =multiple_regression!$O$18+multiple_regression!$O$19*cleaned_data!$F$36+multiple_regression!$O$20*cleaned_data!$E$36+multiple_regression!$O$21*cleaned_data!$I$36+multiple_regression!$O$22*cleaned_data!$H$36+multiple_regression!$O$23*dummy_variables!$D$36+multiple_regression!$O$24*dummy_variables!$E$36+multiple_regression!$O$25*dummy_variables!$F$36+multiple_regression!$O$26*dummy_variables!$G$36+multiple_regression!$O$27*dummy_variables!$H$36+multiple_regression!$O$28*dummy_variables!$I$36 -> 480318.57 | G36: =E36-F36 -> -52401.193
A37: =cleaned_data!$A$37 -> STR-1009 | B37: =cleaned_data!$B$37 -> 2025-01-01 | C37: =cleaned_data!$C$37 -> North | D37: =cleaned_data!$D$37 -> Residential | E37: =cleaned_data!$M$37 -> 641865.03 | F37: =multiple_regression!$O$18+multiple_regression!$O$19*cleaned_data!$F$37+multiple_regression!$O$20*cleaned_data!$E$37+multiple_regression!$O$21*cleaned_data!$I$37+multiple_regression!$O$22*cleaned_data!$H$37+multiple_regression!$O$23*dummy_variables!$D$37+multiple_regression!$O$24*dummy_variables!$E$37+multiple_regression!$O$25*dummy_variables!$F$37+multiple_regression!$O$26*dummy_variables!$G$37+multiple_regression!$O$27*dummy_variables!$H$37+multiple_regression!$O$28*dummy_variables!$I$37 -> 738721.32 | G37: =E37-F37 -> -96856.294
A38: =cleaned_data!$A$38 -> STR-1009 | B38: =cleaned_data!$B$38 -> 2025-02-01 | C38: =cleaned_data!$C$38 -> North | D38: =cleaned_data!$D$38 -> Residential | E38: =cleaned_data!$M$38 -> 799477.76 | F38: =multiple_regression!$O$18+multiple_regression!$O$19*cleaned_data!$F$38+multiple_regression!$O$20*cleaned_data!$E$38+multiple_regression!$O$21*cleaned_data!$I$38+multiple_regression!$O$22*cleaned_data!$H$38+multiple_regression!$O$23*dummy_variables!$D$38+multiple_regression!$O$24*dummy_variables!$E$38+multiple_regression!$O$25*dummy_variables!$F$38+multiple_regression!$O$26*dummy_variables!$G$38+multiple_regression!$O$27*dummy_variables!$H$38+multiple_regression!$O$28*dummy_variables!$I$38 -> 841917.75 | G38: =E38-F38 -> -42439.985
A39: =cleaned_data!$A$39 -> STR-1009 | B39: =cleaned_data!$B$39 -> 2025-03-01 | C39: =cleaned_data!$C$39 -> North | D39: =cleaned_data!$D$39 -> Residential | E39: =cleaned_data!$M$39 -> 798952.17 | F39: =multiple_regression!$O$18+multiple_regression!$O$19*cleaned_data!$F$39+multiple_regression!$O$20*cleaned_data!$E$39+multiple_regression!$O$21*cleaned_data!$I$39+multiple_regression!$O$22*cleaned_data!$H$39+multiple_regression!$O$23*dummy_variables!$D$39+multiple_regression!$O$24*dummy_variables!$E$39+multiple_regression!$O$25*dummy_variables!$F$39+multiple_regression!$O$26*dummy_variables!$G$39+multiple_regression!$O$27*dummy_variables!$H$39+multiple_regression!$O$28*dummy_variables!$I$39 -> 794564.72 | G39: =E39-F39 -> 4387.4542
A40: =cleaned_data!$A$40 -> STR-1009 | B40: =cleaned_data!$B$40 -> 2025-04-01 | C40: =cleaned_data!$C$40 -> North | D40: =cleaned_data!$D$40 -> Residential | E40: =cleaned_data!$M$40 -> 800979.78 | F40: =multiple_regression!$O$18+multiple_regression!$O$19*cleaned_data!$F$40+multiple_regression!$O$20*cleaned_data!$E$40+multiple_regression!$O$21*cleaned_data!$I$40+multiple_regression!$O$22*cleaned_data!$H$40+multiple_regression!$O$23*dummy_variables!$D$40+multiple_regression!$O$24*dummy_variables!$E$40+multiple_regression!$O$25*dummy_variables!$F$40+multiple_regression!$O$26*dummy_variables!$G$40+multiple_regression!$O$27*dummy_variables!$H$40+multiple_regression!$O$28*dummy_variables!$I$40 -> 824075.47 | G40: =E40-F40 -> -23095.687
A41: =cleaned_data!$A$41 -> STR-1010 | B41: =cleaned_data!$B$41 -> 2025-01-01 | C41: =cleaned_data!$C$41 -> North | D41: =cleaned_data!$D$41 -> Mall | E41: =cleaned_data!$M$41 -> 820593.93 | F41: =multiple_regression!$O$18+multiple_regression!$O$19*cleaned_data!$F$41+multiple_regression!$O$20*cleaned_data!$E$41+multiple_regression!$O$21*cleaned_data!$I$41+multiple_regression!$O$22*cleaned_data!$H$41+multiple_regression!$O$23*dummy_variables!$D$41+multiple_regression!$O$24*dummy_variables!$E$41+multiple_regression!$O$25*dummy_variables!$F$41+multiple_regression!$O$26*dummy_variables!$G$41+multiple_regression!$O$27*dummy_variables!$H$41+multiple_regression!$O$28*dummy_variables!$I$41 -> 774937.68 | G41: =E41-F41 -> 45656.251
A42: =cleaned_data!$A$42 -> STR-1010 | B42: =cleaned_data!$B$42 -> 2025-02-01 | C42: =cleaned_data!$C$42 -> North | D42: =cleaned_data!$D$42 -> Mall | E42: =cleaned_data!$M$42 -> 718330.53 | F42: =multiple_regression!$O$18+multiple_regression!$O$19*cleaned_data!$F$42+multiple_regression!$O$20*cleaned_data!$E$42+multiple_regression!$O$21*cleaned_data!$I$42+multiple_regression!$O$22*cleaned_data!$H$42+multiple_regression!$O$23*dummy_variables!$D$42+multiple_regression!$O$24*dummy_variables!$E$42+multiple_regression!$O$25*dummy_variables!$F$42+multiple_regression!$O$26*dummy_variables!$G$42+multiple_regression!$O$27*dummy_variables!$H$42+multiple_regression!$O$28*dummy_variables!$I$42 -> 762668.52 | G42: =E42-F42 -> -44337.986
A43: =cleaned_data!$A$43 -> STR-1010 | B43: =cleaned_data!$B$43 -> 2025-03-01 | C43: =cleaned_data!$C$43 -> North | D43: =cleaned_data!$D$43 -> Mall | E43: =cleaned_data!$M$43 -> 736633.4 | F43: =multiple_regression!$O$18+multiple_regression!$O$19*cleaned_data!$F$43+multiple_regression!$O$20*cleaned_data!$E$43+multiple_regression!$O$21*cleaned_data!$I$43+multiple_regression!$O$22*cleaned_data!$H$43+multiple_regression!$O$23*dummy_variables!$D$43+multiple_regression!$O$24*dummy_variables!$E$43+multiple_regression!$O$25*dummy_variables!$F$43+multiple_regression!$O$26*dummy_variables!$G$43+multiple_regression!$O$27*dummy_variables!$H$43+multiple_regression!$O$28*dummy_variables!$I$43 -> 753226.01 | G43: =E43-F43 -> -16592.608
A44: =cleaned_data!$A$44 -> STR-1010 | B44: =cleaned_data!$B$44 -> 2025-04-01 | C44: =cleaned_data!$C$44 -> North | D44: =cleaned_data!$D$44 -> Mall | E44: =cleaned_data!$M$44 -> 828623.85 | F44: =multiple_regression!$O$18+multiple_regression!$O$19*cleaned_data!$F$44+multiple_regression!$O$20*cleaned_data!$E$44+multiple_regression!$O$21*cleaned_data!$I$44+multiple_regression!$O$22*cleaned_data!$H$44+multiple_regression!$O$23*dummy_variables!$D$44+multiple_regression!$O$24*dummy_variables!$E$44+multiple_regression!$O$25*dummy_variables!$F$44+multiple_regression!$O$26*dummy_variables!$G$44+multiple_regression!$O$27*dummy_variables!$H$44+multiple_regression!$O$28*dummy_variables!$I$44 -> 838831.27 | G44: =E44-F44 -> -10207.421
A45: =cleaned_data!$A$45 -> STR-1011 | B45: =cleaned_data!$B$45 -> 2025-01-01 | C45: =cleaned_data!$C$45 -> East | D45: =cleaned_data!$D$45 -> Mall | E45: =cleaned_data!$M$45 -> 592195.85 | F45: =multiple_regression!$O$18+multiple_regression!$O$19*cleaned_data!$F$45+multiple_regression!$O$20*cleaned_data!$E$45+multiple_regression!$O$21*cleaned_data!$I$45+multiple_regression!$O$22*cleaned_data!$H$45+multiple_regression!$O$23*dummy_variables!$D$45+multiple_regression!$O$24*dummy_variables!$E$45+multiple_regression!$O$25*dummy_variables!$F$45+multiple_regression!$O$26*dummy_variables!$G$45+multiple_regression!$O$27*dummy_variables!$H$45+multiple_regression!$O$28*dummy_variables!$I$45 -> 585644.73 | G45: =E45-F45 -> 6551.1249
A46: =cleaned_data!$A$46 -> STR-1011 | B46: =cleaned_data!$B$46 -> 2025-02-01 | C46: =cleaned_data!$C$46 -> East | D46: =cleaned_data!$D$46 -> Mall | E46: =cleaned_data!$M$46 -> 532644.46 | F46: =multiple_regression!$O$18+multiple_regression!$O$19*cleaned_data!$F$46+multiple_regression!$O$20*cleaned_data!$E$46+multiple_regression!$O$21*cleaned_data!$I$46+multiple_regression!$O$22*cleaned_data!$H$46+multiple_regression!$O$23*dummy_variables!$D$46+multiple_regression!$O$24*dummy_variables!$E$46+multiple_regression!$O$25*dummy_variables!$F$46+multiple_regression!$O$26*dummy_variables!$G$46+multiple_regression!$O$27*dummy_variables!$H$46+multiple_regression!$O$28*dummy_variables!$I$46 -> 517549.08 | G46: =E46-F46 -> 15095.383
A47: =cleaned_data!$A$47 -> STR-1011 | B47: =cleaned_data!$B$47 -> 2025-03-01 | C47: =cleaned_data!$C$47 -> East | D47: =cleaned_data!$D$47 -> Mall | E47: =cleaned_data!$M$47 -> 657429.18 | F47: =multiple_regression!$O$18+multiple_regression!$O$19*cleaned_data!$F$47+multiple_regression!$O$20*cleaned_data!$E$47+multiple_regression!$O$21*cleaned_data!$I$47+multiple_regression!$O$22*cleaned_data!$H$47+multiple_regression!$O$23*dummy_variables!$D$47+multiple_regression!$O$24*dummy_variables!$E$47+multiple_regression!$O$25*dummy_variables!$F$47+multiple_regression!$O$26*dummy_variables!$G$47+multiple_regression!$O$27*dummy_variables!$H$47+multiple_regression!$O$28*dummy_variables!$I$47 -> 596753.21 | G47: =E47-F47 -> 60675.975
A48: =cleaned_data!$A$48 -> STR-1011 | B48: =cleaned_data!$B$48 -> 2025-04-01 | C48: =cleaned_data!$C$48 -> East | D48: =cleaned_data!$D$48 -> Mall | E48: =cleaned_data!$M$48 -> 605178 | F48: =multiple_regression!$O$18+multiple_regression!$O$19*cleaned_data!$F$48+multiple_regression!$O$20*cleaned_data!$E$48+multiple_regression!$O$21*cleaned_data!$I$48+multiple_regression!$O$22*cleaned_data!$H$48+multiple_regression!$O$23*dummy_variables!$D$48+multiple_regression!$O$24*dummy_variables!$E$48+multiple_regression!$O$25*dummy_variables!$F$48+multiple_regression!$O$26*dummy_variables!$G$48+multiple_regression!$O$27*dummy_variables!$H$48+multiple_regression!$O$28*dummy_variables!$I$48 -> 597141 | G48: =E48-F48 -> 8037.0022
A49: =cleaned_data!$A$49 -> STR-1012 | B49: =cleaned_data!$B$49 -> 2025-01-01 | C49: =cleaned_data!$C$49 -> West | D49: =cleaned_data!$D$49 -> Residential | E49: =cleaned_data!$M$49 -> 595467.6 | F49: =multiple_regression!$O$18+multiple_regression!$O$19*cleaned_data!$F$49+multiple_regression!$O$20*cleaned_data!$E$49+multiple_regression!$O$21*cleaned_data!$I$49+multiple_regression!$O$22*cleaned_data!$H$49+multiple_regression!$O$23*dummy_variables!$D$49+multiple_regression!$O$24*dummy_variables!$E$49+multiple_regression!$O$25*dummy_variables!$F$49+multiple_regression!$O$26*dummy_variables!$G$49+multiple_regression!$O$27*dummy_variables!$H$49+multiple_regression!$O$28*dummy_variables!$I$49 -> 728950.13 | G49: =E49-F49 -> -133482.53
A50: =cleaned_data!$A$50 -> STR-1012 | B50: =cleaned_data!$B$50 -> 2025-02-01 | C50: =cleaned_data!$C$50 -> West | D50: =cleaned_data!$D$50 -> Residential | E50: =cleaned_data!$M$50 -> 599603.4 | F50: =multiple_regression!$O$18+multiple_regression!$O$19*cleaned_data!$F$50+multiple_regression!$O$20*cleaned_data!$E$50+multiple_regression!$O$21*cleaned_data!$I$50+multiple_regression!$O$22*cleaned_data!$H$50+multiple_regression!$O$23*dummy_variables!$D$50+multiple_regression!$O$24*dummy_variables!$E$50+multiple_regression!$O$25*dummy_variables!$F$50+multiple_regression!$O$26*dummy_variables!$G$50+multiple_regression!$O$27*dummy_variables!$H$50+multiple_regression!$O$28*dummy_variables!$I$50 -> 643779.45 | G50: =E50-F50 -> -44176.049
A51: =cleaned_data!$A$51 -> STR-1012 | B51: =cleaned_data!$B$51 -> 2025-03-01 | C51: =cleaned_data!$C$51 -> West | D51: =cleaned_data!$D$51 -> Residential | E51: =cleaned_data!$M$51 -> 614800.09 | F51: =multiple_regression!$O$18+multiple_regression!$O$19*cleaned_data!$F$51+multiple_regression!$O$20*cleaned_data!$E$51+multiple_regression!$O$21*cleaned_data!$I$51+multiple_regression!$O$22*cleaned_data!$H$51+multiple_regression!$O$23*dummy_variables!$D$51+multiple_regression!$O$24*dummy_variables!$E$51+multiple_regression!$O$25*dummy_variables!$F$51+multiple_regression!$O$26*dummy_variables!$G$51+multiple_regression!$O$27*dummy_variables!$H$51+multiple_regression!$O$28*dummy_variables!$I$51 -> 577424.99 | G51: =E51-F51 -> 37375.104
A52: =cleaned_data!$A$52 -> STR-1012 | B52: =cleaned_data!$B$52 -> 2025-04-01 | C52: =cleaned_data!$C$52 -> West | D52: =cleaned_data!$D$52 -> Residential | E52: =cleaned_data!$M$52 -> 585365.73 | F52: =multiple_regression!$O$18+multiple_regression!$O$19*cleaned_data!$F$52+multiple_regression!$O$20*cleaned_data!$E$52+multiple_regression!$O$21*cleaned_data!$I$52+multiple_regression!$O$22*cleaned_data!$H$52+multiple_regression!$O$23*dummy_variables!$D$52+multiple_regression!$O$24*dummy_variables!$E$52+multiple_regression!$O$25*dummy_variables!$F$52+multiple_regression!$O$26*dummy_variables!$G$52+multiple_regression!$O$27*dummy_variables!$H$52+multiple_regression!$O$28*dummy_variables!$I$52 -> 578331.09 | G52: =E52-F52 -> 7034.6416
A53: =cleaned_data!$A$53 -> STR-1013 | B53: =cleaned_data!$B$53 -> 2025-01-01 | C53: =cleaned_data!$C$53 -> North | D53: =cleaned_data!$D$53 -> Mall | E53: =cleaned_data!$M$53 -> 622811.74 | F53: =multiple_regression!$O$18+multiple_regression!$O$19*cleaned_data!$F$53+multiple_regression!$O$20*cleaned_data!$E$53+multiple_regression!$O$21*cleaned_data!$I$53+multiple_regression!$O$22*cleaned_data!$H$53+multiple_regression!$O$23*dummy_variables!$D$53+multiple_regression!$O$24*dummy_variables!$E$53+multiple_regression!$O$25*dummy_variables!$F$53+multiple_regression!$O$26*dummy_variables!$G$53+multiple_regression!$O$27*dummy_variables!$H$53+multiple_regression!$O$28*dummy_variables!$I$53 -> 648412.95 | G53: =E53-F53 -> -25601.212
A54: =cleaned_data!$A$54 -> STR-1013 | B54: =cleaned_data!$B$54 -> 2025-02-01 | C54: =cleaned_data!$C$54 -> North | D54: =cleaned_data!$D$54 -> Mall | E54: =cleaned_data!$M$54 -> 603297.57 | F54: =multiple_regression!$O$18+multiple_regression!$O$19*cleaned_data!$F$54+multiple_regression!$O$20*cleaned_data!$E$54+multiple_regression!$O$21*cleaned_data!$I$54+multiple_regression!$O$22*cleaned_data!$H$54+multiple_regression!$O$23*dummy_variables!$D$54+multiple_regression!$O$24*dummy_variables!$E$54+multiple_regression!$O$25*dummy_variables!$F$54+multiple_regression!$O$26*dummy_variables!$G$54+multiple_regression!$O$27*dummy_variables!$H$54+multiple_regression!$O$28*dummy_variables!$I$54 -> 594536.13 | G54: =E54-F54 -> 8761.4438
A55: =cleaned_data!$A$55 -> STR-1013 | B55: =cleaned_data!$B$55 -> 2025-03-01 | C55: =cleaned_data!$C$55 -> North | D55: =cleaned_data!$D$55 -> Mall | E55: =cleaned_data!$M$55 -> 625672.86 | F55: =multiple_regression!$O$18+multiple_regression!$O$19*cleaned_data!$F$55+multiple_regression!$O$20*cleaned_data!$E$55+multiple_regression!$O$21*cleaned_data!$I$55+multiple_regression!$O$22*cleaned_data!$H$55+multiple_regression!$O$23*dummy_variables!$D$55+multiple_regression!$O$24*dummy_variables!$E$55+multiple_regression!$O$25*dummy_variables!$F$55+multiple_regression!$O$26*dummy_variables!$G$55+multiple_regression!$O$27*dummy_variables!$H$55+multiple_regression!$O$28*dummy_variables!$I$55 -> 603725.96 | G55: =E55-F55 -> 21946.905
A56: =cleaned_data!$A$56 -> STR-1013 | B56: =cleaned_data!$B$56 -> 2025-04-01 | C56: =cleaned_data!$C$56 -> North | D56: =cleaned_data!$D$56 -> Mall | E56: =cleaned_data!$M$56 -> 773815.14 | F56: =multiple_regression!$O$18+multiple_regression!$O$19*cleaned_data!$F$56+multiple_regression!$O$20*cleaned_data!$E$56+multiple_regression!$O$21*cleaned_data!$I$56+multiple_regression!$O$22*cleaned_data!$H$56+multiple_regression!$O$23*dummy_variables!$D$56+multiple_regression!$O$24*dummy_variables!$E$56+multiple_regression!$O$25*dummy_variables!$F$56+multiple_regression!$O$26*dummy_variables!$G$56+multiple_regression!$O$27*dummy_variables!$H$56+multiple_regression!$O$28*dummy_variables!$I$56 -> 741966.66 | G56: =E56-F56 -> 31848.477
A57: =cleaned_data!$A$57 -> STR-1014 | B57: =cleaned_data!$B$57 -> 2025-01-01 | C57: =cleaned_data!$C$57 -> West | D57: =cleaned_data!$D$57 -> High Street | E57: =cleaned_data!$M$57 -> 463534.25 | F57: =multiple_regression!$O$18+multiple_regression!$O$19*cleaned_data!$F$57+multiple_regression!$O$20*cleaned_data!$E$57+multiple_regression!$O$21*cleaned_data!$I$57+multiple_regression!$O$22*cleaned_data!$H$57+multiple_regression!$O$23*dummy_variables!$D$57+multiple_regression!$O$24*dummy_variables!$E$57+multiple_regression!$O$25*dummy_variables!$F$57+multiple_regression!$O$26*dummy_variables!$G$57+multiple_regression!$O$27*dummy_variables!$H$57+multiple_regression!$O$28*dummy_variables!$I$57 -> 557776.87 | G57: =E57-F57 -> -94242.622
A58: =cleaned_data!$A$58 -> STR-1014 | B58: =cleaned_data!$B$58 -> 2025-02-01 | C58: =cleaned_data!$C$58 -> West | D58: =cleaned_data!$D$58 -> High Street | E58: =cleaned_data!$M$58 -> 746677.75 | F58: =multiple_regression!$O$18+multiple_regression!$O$19*cleaned_data!$F$58+multiple_regression!$O$20*cleaned_data!$E$58+multiple_regression!$O$21*cleaned_data!$I$58+multiple_regression!$O$22*cleaned_data!$H$58+multiple_regression!$O$23*dummy_variables!$D$58+multiple_regression!$O$24*dummy_variables!$E$58+multiple_regression!$O$25*dummy_variables!$F$58+multiple_regression!$O$26*dummy_variables!$G$58+multiple_regression!$O$27*dummy_variables!$H$58+multiple_regression!$O$28*dummy_variables!$I$58 -> 715124.38 | G58: =E58-F58 -> 31553.375
A59: =cleaned_data!$A$59 -> STR-1014 | B59: =cleaned_data!$B$59 -> 2025-03-01 | C59: =cleaned_data!$C$59 -> West | D59: =cleaned_data!$D$59 -> High Street | E59: =cleaned_data!$M$59 -> 720852.5 | F59: =multiple_regression!$O$18+multiple_regression!$O$19*cleaned_data!$F$59+multiple_regression!$O$20*cleaned_data!$E$59+multiple_regression!$O$21*cleaned_data!$I$59+multiple_regression!$O$22*cleaned_data!$H$59+multiple_regression!$O$23*dummy_variables!$D$59+multiple_regression!$O$24*dummy_variables!$E$59+multiple_regression!$O$25*dummy_variables!$F$59+multiple_regression!$O$26*dummy_variables!$G$59+multiple_regression!$O$27*dummy_variables!$H$59+multiple_regression!$O$28*dummy_variables!$I$59 -> 680404.98 | G59: =E59-F59 -> 40447.521
A60: =cleaned_data!$A$60 -> STR-1014 | B60: =cleaned_data!$B$60 -> 2025-04-01 | C60: =cleaned_data!$C$60 -> West | D60: =cleaned_data!$D$60 -> High Street | E60: =cleaned_data!$M$60 -> 487464.91 | F60: =multiple_regression!$O$18+multiple_regression!$O$19*cleaned_data!$F$60+multiple_regression!$O$20*cleaned_data!$E$60+multiple_regression!$O$21*cleaned_data!$I$60+multiple_regression!$O$22*cleaned_data!$H$60+multiple_regression!$O$23*dummy_variables!$D$60+multiple_regression!$O$24*dummy_variables!$E$60+multiple_regression!$O$25*dummy_variables!$F$60+multiple_regression!$O$26*dummy_variables!$G$60+multiple_regression!$O$27*dummy_variables!$H$60+multiple_regression!$O$28*dummy_variables!$I$60 -> 542379.32 | G60: =E60-F60 -> -54914.407
A61: =cleaned_data!$A$61 -> STR-1015 | B61: =cleaned_data!$B$61 -> 2025-01-01 | C61: =cleaned_data!$C$61 -> East | D61: =cleaned_data!$D$61 -> Airport | E61: =cleaned_data!$M$61 -> 518049.26 | F61: =multiple_regression!$O$18+multiple_regression!$O$19*cleaned_data!$F$61+multiple_regression!$O$20*cleaned_data!$E$61+multiple_regression!$O$21*cleaned_data!$I$61+multiple_regression!$O$22*cleaned_data!$H$61+multiple_regression!$O$23*dummy_variables!$D$61+multiple_regression!$O$24*dummy_variables!$E$61+multiple_regression!$O$25*dummy_variables!$F$61+multiple_regression!$O$26*dummy_variables!$G$61+multiple_regression!$O$27*dummy_variables!$H$61+multiple_regression!$O$28*dummy_variables!$I$61 -> 535854.24 | G61: =E61-F61 -> -17804.979
A62: =cleaned_data!$A$62 -> STR-1015 | B62: =cleaned_data!$B$62 -> 2025-02-01 | C62: =cleaned_data!$C$62 -> East | D62: =cleaned_data!$D$62 -> Airport | E62: =cleaned_data!$M$62 -> 500298.48 | F62: =multiple_regression!$O$18+multiple_regression!$O$19*cleaned_data!$F$62+multiple_regression!$O$20*cleaned_data!$E$62+multiple_regression!$O$21*cleaned_data!$I$62+multiple_regression!$O$22*cleaned_data!$H$62+multiple_regression!$O$23*dummy_variables!$D$62+multiple_regression!$O$24*dummy_variables!$E$62+multiple_regression!$O$25*dummy_variables!$F$62+multiple_regression!$O$26*dummy_variables!$G$62+multiple_regression!$O$27*dummy_variables!$H$62+multiple_regression!$O$28*dummy_variables!$I$62 -> 530333.67 | G62: =E62-F62 -> -30035.195
A63: =cleaned_data!$A$63 -> STR-1015 | B63: =cleaned_data!$B$63 -> 2025-03-01 | C63: =cleaned_data!$C$63 -> East | D63: =cleaned_data!$D$63 -> Airport | E63: =cleaned_data!$M$63 -> 617291.15 | F63: =multiple_regression!$O$18+multiple_regression!$O$19*cleaned_data!$F$63+multiple_regression!$O$20*cleaned_data!$E$63+multiple_regression!$O$21*cleaned_data!$I$63+multiple_regression!$O$22*cleaned_data!$H$63+multiple_regression!$O$23*dummy_variables!$D$63+multiple_regression!$O$24*dummy_variables!$E$63+multiple_regression!$O$25*dummy_variables!$F$63+multiple_regression!$O$26*dummy_variables!$G$63+multiple_regression!$O$27*dummy_variables!$H$63+multiple_regression!$O$28*dummy_variables!$I$63 -> 674161.62 | G63: =E63-F63 -> -56870.467
A64: =cleaned_data!$A$64 -> STR-1015 | B64: =cleaned_data!$B$64 -> 2025-04-01 | C64: =cleaned_data!$C$64 -> East | D64: =cleaned_data!$D$64 -> Airport | E64: =cleaned_data!$M$64 -> 553756.43 | F64: =multiple_regression!$O$18+multiple_regression!$O$19*cleaned_data!$F$64+multiple_regression!$O$20*cleaned_data!$E$64+multiple_regression!$O$21*cleaned_data!$I$64+multiple_regression!$O$22*cleaned_data!$H$64+multiple_regression!$O$23*dummy_variables!$D$64+multiple_regression!$O$24*dummy_variables!$E$64+multiple_regression!$O$25*dummy_variables!$F$64+multiple_regression!$O$26*dummy_variables!$G$64+multiple_regression!$O$27*dummy_variables!$H$64+multiple_regression!$O$28*dummy_variables!$I$64 -> 619862.36 | G64: =E64-F64 -> -66105.928
A65: =cleaned_data!$A$65 -> STR-1016 | B65: =cleaned_data!$B$65 -> 2025-01-01 | C65: =cleaned_data!$C$65 -> South | D65: =cleaned_data!$D$65 -> High Street | E65: =cleaned_data!$M$65 -> 749559.71 | F65: =multiple_regression!$O$18+multiple_regression!$O$19*cleaned_data!$F$65+multiple_regression!$O$20*cleaned_data!$E$65+multiple_regression!$O$21*cleaned_data!$I$65+multiple_regression!$O$22*cleaned_data!$H$65+multiple_regression!$O$23*dummy_variables!$D$65+multiple_regression!$O$24*dummy_variables!$E$65+multiple_regression!$O$25*dummy_variables!$F$65+multiple_regression!$O$26*dummy_variables!$G$65+multiple_regression!$O$27*dummy_variables!$H$65+multiple_regression!$O$28*dummy_variables!$I$65 -> 697385.97 | G65: =E65-F65 -> 52173.736
A66: =cleaned_data!$A$66 -> STR-1016 | B66: =cleaned_data!$B$66 -> 2025-02-01 | C66: =cleaned_data!$C$66 -> South | D66: =cleaned_data!$D$66 -> High Street | E66: =cleaned_data!$M$66 -> 615966.48 | F66: =multiple_regression!$O$18+multiple_regression!$O$19*cleaned_data!$F$66+multiple_regression!$O$20*cleaned_data!$E$66+multiple_regression!$O$21*cleaned_data!$I$66+multiple_regression!$O$22*cleaned_data!$H$66+multiple_regression!$O$23*dummy_variables!$D$66+multiple_regression!$O$24*dummy_variables!$E$66+multiple_regression!$O$25*dummy_variables!$F$66+multiple_regression!$O$26*dummy_variables!$G$66+multiple_regression!$O$27*dummy_variables!$H$66+multiple_regression!$O$28*dummy_variables!$I$66 -> 575011.73 | G66: =E66-F66 -> 40954.748
A67: =cleaned_data!$A$67 -> STR-1016 | B67: =cleaned_data!$B$67 -> 2025-03-01 | C67: =cleaned_data!$C$67 -> South | D67: =cleaned_data!$D$67 -> High Street | E67: =cleaned_data!$M$67 -> 572011.2 | F67: =multiple_regression!$O$18+multiple_regression!$O$19*cleaned_data!$F$67+multiple_regression!$O$20*cleaned_data!$E$67+multiple_regression!$O$21*cleaned_data!$I$67+multiple_regression!$O$22*cleaned_data!$H$67+multiple_regression!$O$23*dummy_variables!$D$67+multiple_regression!$O$24*dummy_variables!$E$67+multiple_regression!$O$25*dummy_variables!$F$67+multiple_regression!$O$26*dummy_variables!$G$67+multiple_regression!$O$27*dummy_variables!$H$67+multiple_regression!$O$28*dummy_variables!$I$67 -> 586180.52 | G67: =E67-F67 -> -14169.325
A68: =cleaned_data!$A$68 -> STR-1016 | B68: =cleaned_data!$B$68 -> 2025-04-01 | C68: =cleaned_data!$C$68 -> South | D68: =cleaned_data!$D$68 -> High Street | E68: =cleaned_data!$M$68 -> 761860.19 | F68: =multiple_regression!$O$18+multiple_regression!$O$19*cleaned_data!$F$68+multiple_regression!$O$20*cleaned_data!$E$68+multiple_regression!$O$21*cleaned_data!$I$68+multiple_regression!$O$22*cleaned_data!$H$68+multiple_regression!$O$23*dummy_variables!$D$68+multiple_regression!$O$24*dummy_variables!$E$68+multiple_regression!$O$25*dummy_variables!$F$68+multiple_regression!$O$26*dummy_variables!$G$68+multiple_regression!$O$27*dummy_variables!$H$68+multiple_regression!$O$28*dummy_variables!$I$68 -> 724597.45 | G68: =E68-F68 -> 37262.735
A69: =cleaned_data!$A$69 -> STR-1017 | B69: =cleaned_data!$B$69 -> 2025-01-01 | C69: =cleaned_data!$C$69 -> West | D69: =cleaned_data!$D$69 -> High Street | E69: =cleaned_data!$M$69 -> 784502.68 | F69: =multiple_regression!$O$18+multiple_regression!$O$19*cleaned_data!$F$69+multiple_regression!$O$20*cleaned_data!$E$69+multiple_regression!$O$21*cleaned_data!$I$69+multiple_regression!$O$22*cleaned_data!$H$69+multiple_regression!$O$23*dummy_variables!$D$69+multiple_regression!$O$24*dummy_variables!$E$69+multiple_regression!$O$25*dummy_variables!$F$69+multiple_regression!$O$26*dummy_variables!$G$69+multiple_regression!$O$27*dummy_variables!$H$69+multiple_regression!$O$28*dummy_variables!$I$69 -> 819236.72 | G69: =E69-F69 -> -34734.04
A70: =cleaned_data!$A$70 -> STR-1017 | B70: =cleaned_data!$B$70 -> 2025-02-01 | C70: =cleaned_data!$C$70 -> West | D70: =cleaned_data!$D$70 -> High Street | E70: =cleaned_data!$M$70 -> 717141.55 | F70: =multiple_regression!$O$18+multiple_regression!$O$19*cleaned_data!$F$70+multiple_regression!$O$20*cleaned_data!$E$70+multiple_regression!$O$21*cleaned_data!$I$70+multiple_regression!$O$22*cleaned_data!$H$70+multiple_regression!$O$23*dummy_variables!$D$70+multiple_regression!$O$24*dummy_variables!$E$70+multiple_regression!$O$25*dummy_variables!$F$70+multiple_regression!$O$26*dummy_variables!$G$70+multiple_regression!$O$27*dummy_variables!$H$70+multiple_regression!$O$28*dummy_variables!$I$70 -> 742102.76 | G70: =E70-F70 -> -24961.213
A71: =cleaned_data!$A$71 -> STR-1017 | B71: =cleaned_data!$B$71 -> 2025-03-01 | C71: =cleaned_data!$C$71 -> West | D71: =cleaned_data!$D$71 -> High Street | E71: =cleaned_data!$M$71 -> 685379.08 | F71: =multiple_regression!$O$18+multiple_regression!$O$19*cleaned_data!$F$71+multiple_regression!$O$20*cleaned_data!$E$71+multiple_regression!$O$21*cleaned_data!$I$71+multiple_regression!$O$22*cleaned_data!$H$71+multiple_regression!$O$23*dummy_variables!$D$71+multiple_regression!$O$24*dummy_variables!$E$71+multiple_regression!$O$25*dummy_variables!$F$71+multiple_regression!$O$26*dummy_variables!$G$71+multiple_regression!$O$27*dummy_variables!$H$71+multiple_regression!$O$28*dummy_variables!$I$71 -> 846559.27 | G71: =E71-F71 -> -161180.19
A72: =cleaned_data!$A$72 -> STR-1017 | B72: =cleaned_data!$B$72 -> 2025-04-01 | C72: =cleaned_data!$C$72 -> West | D72: =cleaned_data!$D$72 -> High Street | E72: =cleaned_data!$M$72 -> 740496.65 | F72: =multiple_regression!$O$18+multiple_regression!$O$19*cleaned_data!$F$72+multiple_regression!$O$20*cleaned_data!$E$72+multiple_regression!$O$21*cleaned_data!$I$72+multiple_regression!$O$22*cleaned_data!$H$72+multiple_regression!$O$23*dummy_variables!$D$72+multiple_regression!$O$24*dummy_variables!$E$72+multiple_regression!$O$25*dummy_variables!$F$72+multiple_regression!$O$26*dummy_variables!$G$72+multiple_regression!$O$27*dummy_variables!$H$72+multiple_regression!$O$28*dummy_variables!$I$72 -> 734354.94 | G72: =E72-F72 -> 6141.7127
A73: =cleaned_data!$A$73 -> STR-1018 | B73: =cleaned_data!$B$73 -> 2025-01-01 | C73: =cleaned_data!$C$73 -> East | D73: =cleaned_data!$D$73 -> High Street | E73: =cleaned_data!$M$73 -> 661927.14 | F73: =multiple_regression!$O$18+multiple_regression!$O$19*cleaned_data!$F$73+multiple_regression!$O$20*cleaned_data!$E$73+multiple_regression!$O$21*cleaned_data!$I$73+multiple_regression!$O$22*cleaned_data!$H$73+multiple_regression!$O$23*dummy_variables!$D$73+multiple_regression!$O$24*dummy_variables!$E$73+multiple_regression!$O$25*dummy_variables!$F$73+multiple_regression!$O$26*dummy_variables!$G$73+multiple_regression!$O$27*dummy_variables!$H$73+multiple_regression!$O$28*dummy_variables!$I$73 -> 588423.56 | G73: =E73-F73 -> 73503.583
A74: =cleaned_data!$A$74 -> STR-1018 | B74: =cleaned_data!$B$74 -> 2025-02-01 | C74: =cleaned_data!$C$74 -> East | D74: =cleaned_data!$D$74 -> High Street | E74: =cleaned_data!$M$74 -> 479050.5 | F74: =multiple_regression!$O$18+multiple_regression!$O$19*cleaned_data!$F$74+multiple_regression!$O$20*cleaned_data!$E$74+multiple_regression!$O$21*cleaned_data!$I$74+multiple_regression!$O$22*cleaned_data!$H$74+multiple_regression!$O$23*dummy_variables!$D$74+multiple_regression!$O$24*dummy_variables!$E$74+multiple_regression!$O$25*dummy_variables!$F$74+multiple_regression!$O$26*dummy_variables!$G$74+multiple_regression!$O$27*dummy_variables!$H$74+multiple_regression!$O$28*dummy_variables!$I$74 -> 505112.61 | G74: =E74-F74 -> -26062.108
A75: =cleaned_data!$A$75 -> STR-1018 | B75: =cleaned_data!$B$75 -> 2025-03-01 | C75: =cleaned_data!$C$75 -> East | D75: =cleaned_data!$D$75 -> High Street | E75: =cleaned_data!$M$75 -> 605023.87 | F75: =multiple_regression!$O$18+multiple_regression!$O$19*cleaned_data!$F$75+multiple_regression!$O$20*cleaned_data!$E$75+multiple_regression!$O$21*cleaned_data!$I$75+multiple_regression!$O$22*cleaned_data!$H$75+multiple_regression!$O$23*dummy_variables!$D$75+multiple_regression!$O$24*dummy_variables!$E$75+multiple_regression!$O$25*dummy_variables!$F$75+multiple_regression!$O$26*dummy_variables!$G$75+multiple_regression!$O$27*dummy_variables!$H$75+multiple_regression!$O$28*dummy_variables!$I$75 -> 583840.88 | G75: =E75-F75 -> 21182.992
A76: =cleaned_data!$A$76 -> STR-1018 | B76: =cleaned_data!$B$76 -> 2025-04-01 | C76: =cleaned_data!$C$76 -> East | D76: =cleaned_data!$D$76 -> High Street | E76: =cleaned_data!$M$76 -> 674774.09 | F76: =multiple_regression!$O$18+multiple_regression!$O$19*cleaned_data!$F$76+multiple_regression!$O$20*cleaned_data!$E$76+multiple_regression!$O$21*cleaned_data!$I$76+multiple_regression!$O$22*cleaned_data!$H$76+multiple_regression!$O$23*dummy_variables!$D$76+multiple_regression!$O$24*dummy_variables!$E$76+multiple_regression!$O$25*dummy_variables!$F$76+multiple_regression!$O$26*dummy_variables!$G$76+multiple_regression!$O$27*dummy_variables!$H$76+multiple_regression!$O$28*dummy_variables!$I$76 -> 624389.01 | G76: =E76-F76 -> 50385.082
A77: =cleaned_data!$A$77 -> STR-1019 | B77: =cleaned_data!$B$77 -> 2025-01-01 | C77: =cleaned_data!$C$77 -> East | D77: =cleaned_data!$D$77 -> Residential | E77: =cleaned_data!$M$77 -> 616069.41 | F77: =multiple_regression!$O$18+multiple_regression!$O$19*cleaned_data!$F$77+multiple_regression!$O$20*cleaned_data!$E$77+multiple_regression!$O$21*cleaned_data!$I$77+multiple_regression!$O$22*cleaned_data!$H$77+multiple_regression!$O$23*dummy_variables!$D$77+multiple_regression!$O$24*dummy_variables!$E$77+multiple_regression!$O$25*dummy_variables!$F$77+multiple_regression!$O$26*dummy_variables!$G$77+multiple_regression!$O$27*dummy_variables!$H$77+multiple_regression!$O$28*dummy_variables!$I$77 -> 584208.11 | G77: =E77-F77 -> 31861.304
A78: =cleaned_data!$A$78 -> STR-1019 | B78: =cleaned_data!$B$78 -> 2025-02-01 | C78: =cleaned_data!$C$78 -> East | D78: =cleaned_data!$D$78 -> Residential | E78: =cleaned_data!$M$78 -> 630829.94 | F78: =multiple_regression!$O$18+multiple_regression!$O$19*cleaned_data!$F$78+multiple_regression!$O$20*cleaned_data!$E$78+multiple_regression!$O$21*cleaned_data!$I$78+multiple_regression!$O$22*cleaned_data!$H$78+multiple_regression!$O$23*dummy_variables!$D$78+multiple_regression!$O$24*dummy_variables!$E$78+multiple_regression!$O$25*dummy_variables!$F$78+multiple_regression!$O$26*dummy_variables!$G$78+multiple_regression!$O$27*dummy_variables!$H$78+multiple_regression!$O$28*dummy_variables!$I$78 -> 683310.63 | G78: =E78-F78 -> -52480.69
A79: =cleaned_data!$A$79 -> STR-1019 | B79: =cleaned_data!$B$79 -> 2025-03-01 | C79: =cleaned_data!$C$79 -> East | D79: =cleaned_data!$D$79 -> Residential | E79: =cleaned_data!$M$79 -> 788087.68 | F79: =multiple_regression!$O$18+multiple_regression!$O$19*cleaned_data!$F$79+multiple_regression!$O$20*cleaned_data!$E$79+multiple_regression!$O$21*cleaned_data!$I$79+multiple_regression!$O$22*cleaned_data!$H$79+multiple_regression!$O$23*dummy_variables!$D$79+multiple_regression!$O$24*dummy_variables!$E$79+multiple_regression!$O$25*dummy_variables!$F$79+multiple_regression!$O$26*dummy_variables!$G$79+multiple_regression!$O$27*dummy_variables!$H$79+multiple_regression!$O$28*dummy_variables!$I$79 -> 700389.77 | G79: =E79-F79 -> 87697.911
A80: =cleaned_data!$A$80 -> STR-1019 | B80: =cleaned_data!$B$80 -> 2025-04-01 | C80: =cleaned_data!$C$80 -> East | D80: =cleaned_data!$D$80 -> Residential | E80: =cleaned_data!$M$80 -> 680840.36 | F80: =multiple_regression!$O$18+multiple_regression!$O$19*cleaned_data!$F$80+multiple_regression!$O$20*cleaned_data!$E$80+multiple_regression!$O$21*cleaned_data!$I$80+multiple_regression!$O$22*cleaned_data!$H$80+multiple_regression!$O$23*dummy_variables!$D$80+multiple_regression!$O$24*dummy_variables!$E$80+multiple_regression!$O$25*dummy_variables!$F$80+multiple_regression!$O$26*dummy_variables!$G$80+multiple_regression!$O$27*dummy_variables!$H$80+multiple_regression!$O$28*dummy_variables!$I$80 -> 704976.73 | G80: =E80-F80 -> -24136.374
A81: =cleaned_data!$A$81 -> STR-1020 | B81: =cleaned_data!$B$81 -> 2025-01-01 | C81: =cleaned_data!$C$81 -> South | D81: =cleaned_data!$D$81 -> High Street | E81: =cleaned_data!$M$81 -> 643657.47 | F81: =multiple_regression!$O$18+multiple_regression!$O$19*cleaned_data!$F$81+multiple_regression!$O$20*cleaned_data!$E$81+multiple_regression!$O$21*cleaned_data!$I$81+multiple_regression!$O$22*cleaned_data!$H$81+multiple_regression!$O$23*dummy_variables!$D$81+multiple_regression!$O$24*dummy_variables!$E$81+multiple_regression!$O$25*dummy_variables!$F$81+multiple_regression!$O$26*dummy_variables!$G$81+multiple_regression!$O$27*dummy_variables!$H$81+multiple_regression!$O$28*dummy_variables!$I$81 -> 658879.45 | G81: =E81-F81 -> -15221.984
A82: =cleaned_data!$A$82 -> STR-1020 | B82: =cleaned_data!$B$82 -> 2025-02-01 | C82: =cleaned_data!$C$82 -> South | D82: =cleaned_data!$D$82 -> High Street | E82: =cleaned_data!$M$82 -> 691112.6 | F82: =multiple_regression!$O$18+multiple_regression!$O$19*cleaned_data!$F$82+multiple_regression!$O$20*cleaned_data!$E$82+multiple_regression!$O$21*cleaned_data!$I$82+multiple_regression!$O$22*cleaned_data!$H$82+multiple_regression!$O$23*dummy_variables!$D$82+multiple_regression!$O$24*dummy_variables!$E$82+multiple_regression!$O$25*dummy_variables!$F$82+multiple_regression!$O$26*dummy_variables!$G$82+multiple_regression!$O$27*dummy_variables!$H$82+multiple_regression!$O$28*dummy_variables!$I$82 -> 650988.24 | G82: =E82-F82 -> 40124.355
A83: =cleaned_data!$A$83 -> STR-1020 | B83: =cleaned_data!$B$83 -> 2025-03-01 | C83: =cleaned_data!$C$83 -> South | D83: =cleaned_data!$D$83 -> High Street | E83: =cleaned_data!$M$83 -> 776922.17 | F83: =multiple_regression!$O$18+multiple_regression!$O$19*cleaned_data!$F$83+multiple_regression!$O$20*cleaned_data!$E$83+multiple_regression!$O$21*cleaned_data!$I$83+multiple_regression!$O$22*cleaned_data!$H$83+multiple_regression!$O$23*dummy_variables!$D$83+multiple_regression!$O$24*dummy_variables!$E$83+multiple_regression!$O$25*dummy_variables!$F$83+multiple_regression!$O$26*dummy_variables!$G$83+multiple_regression!$O$27*dummy_variables!$H$83+multiple_regression!$O$28*dummy_variables!$I$83 -> 730068.43 | G83: =E83-F83 -> 46853.74
A84: =cleaned_data!$A$84 -> STR-1020 | B84: =cleaned_data!$B$84 -> 2025-04-01 | C84: =cleaned_data!$C$84 -> South | D84: =cleaned_data!$D$84 -> High Street | E84: =cleaned_data!$M$84 -> 636561.34 | F84: =multiple_regression!$O$18+multiple_regression!$O$19*cleaned_data!$F$84+multiple_regression!$O$20*cleaned_data!$E$84+multiple_regression!$O$21*cleaned_data!$I$84+multiple_regression!$O$22*cleaned_data!$H$84+multiple_regression!$O$23*dummy_variables!$D$84+multiple_regression!$O$24*dummy_variables!$E$84+multiple_regression!$O$25*dummy_variables!$F$84+multiple_regression!$O$26*dummy_variables!$G$84+multiple_regression!$O$27*dummy_variables!$H$84+multiple_regression!$O$28*dummy_variables!$I$84 -> 671743.92 | G84: =E84-F84 -> -35182.585
A85: =cleaned_data!$A$85 -> STR-1021 | B85: =cleaned_data!$B$85 -> 2025-01-01 | C85: =cleaned_data!$C$85 -> West | D85: =cleaned_data!$D$85 -> Mall | E85: =cleaned_data!$M$85 -> 621369.58 | F85: =multiple_regression!$O$18+multiple_regression!$O$19*cleaned_data!$F$85+multiple_regression!$O$20*cleaned_data!$E$85+multiple_regression!$O$21*cleaned_data!$I$85+multiple_regression!$O$22*cleaned_data!$H$85+multiple_regression!$O$23*dummy_variables!$D$85+multiple_regression!$O$24*dummy_variables!$E$85+multiple_regression!$O$25*dummy_variables!$F$85+multiple_regression!$O$26*dummy_variables!$G$85+multiple_regression!$O$27*dummy_variables!$H$85+multiple_regression!$O$28*dummy_variables!$I$85 -> 656175.98 | G85: =E85-F85 -> -34806.398
A86: =cleaned_data!$A$86 -> STR-1021 | B86: =cleaned_data!$B$86 -> 2025-02-01 | C86: =cleaned_data!$C$86 -> West | D86: =cleaned_data!$D$86 -> Mall | E86: =cleaned_data!$M$86 -> 682208.01 | F86: =multiple_regression!$O$18+multiple_regression!$O$19*cleaned_data!$F$86+multiple_regression!$O$20*cleaned_data!$E$86+multiple_regression!$O$21*cleaned_data!$I$86+multiple_regression!$O$22*cleaned_data!$H$86+multiple_regression!$O$23*dummy_variables!$D$86+multiple_regression!$O$24*dummy_variables!$E$86+multiple_regression!$O$25*dummy_variables!$F$86+multiple_regression!$O$26*dummy_variables!$G$86+multiple_regression!$O$27*dummy_variables!$H$86+multiple_regression!$O$28*dummy_variables!$I$86 -> 631398.92 | G86: =E86-F86 -> 50809.086
A87: =cleaned_data!$A$87 -> STR-1021 | B87: =cleaned_data!$B$87 -> 2025-03-01 | C87: =cleaned_data!$C$87 -> West | D87: =cleaned_data!$D$87 -> Mall | E87: =cleaned_data!$M$87 -> 727241.86 | F87: =multiple_regression!$O$18+multiple_regression!$O$19*cleaned_data!$F$87+multiple_regression!$O$20*cleaned_data!$E$87+multiple_regression!$O$21*cleaned_data!$I$87+multiple_regression!$O$22*cleaned_data!$H$87+multiple_regression!$O$23*dummy_variables!$D$87+multiple_regression!$O$24*dummy_variables!$E$87+multiple_regression!$O$25*dummy_variables!$F$87+multiple_regression!$O$26*dummy_variables!$G$87+multiple_regression!$O$27*dummy_variables!$H$87+multiple_regression!$O$28*dummy_variables!$I$87 -> 657611.11 | G87: =E87-F87 -> 69630.751
A88: =cleaned_data!$A$88 -> STR-1021 | B88: =cleaned_data!$B$88 -> 2025-04-01 | C88: =cleaned_data!$C$88 -> West | D88: =cleaned_data!$D$88 -> Mall | E88: =cleaned_data!$M$88 -> 569100.78 | F88: =multiple_regression!$O$18+multiple_regression!$O$19*cleaned_data!$F$88+multiple_regression!$O$20*cleaned_data!$E$88+multiple_regression!$O$21*cleaned_data!$I$88+multiple_regression!$O$22*cleaned_data!$H$88+multiple_regression!$O$23*dummy_variables!$D$88+multiple_regression!$O$24*dummy_variables!$E$88+multiple_regression!$O$25*dummy_variables!$F$88+multiple_regression!$O$26*dummy_variables!$G$88+multiple_regression!$O$27*dummy_variables!$H$88+multiple_regression!$O$28*dummy_variables!$I$88 -> 553736.35 | G88: =E88-F88 -> 15364.428
A89: =cleaned_data!$A$89 -> STR-1022 | B89: =cleaned_data!$B$89 -> 2025-01-01 | C89: =cleaned_data!$C$89 -> West | D89: =cleaned_data!$D$89 -> High Street | E89: =cleaned_data!$M$89 -> 574436.29 | F89: =multiple_regression!$O$18+multiple_regression!$O$19*cleaned_data!$F$89+multiple_regression!$O$20*cleaned_data!$E$89+multiple_regression!$O$21*cleaned_data!$I$89+multiple_regression!$O$22*cleaned_data!$H$89+multiple_regression!$O$23*dummy_variables!$D$89+multiple_regression!$O$24*dummy_variables!$E$89+multiple_regression!$O$25*dummy_variables!$F$89+multiple_regression!$O$26*dummy_variables!$G$89+multiple_regression!$O$27*dummy_variables!$H$89+multiple_regression!$O$28*dummy_variables!$I$89 -> 552864.28 | G89: =E89-F89 -> 21572.015
A90: =cleaned_data!$A$90 -> STR-1022 | B90: =cleaned_data!$B$90 -> 2025-02-01 | C90: =cleaned_data!$C$90 -> West | D90: =cleaned_data!$D$90 -> High Street | E90: =cleaned_data!$M$90 -> 611766.72 | F90: =multiple_regression!$O$18+multiple_regression!$O$19*cleaned_data!$F$90+multiple_regression!$O$20*cleaned_data!$E$90+multiple_regression!$O$21*cleaned_data!$I$90+multiple_regression!$O$22*cleaned_data!$H$90+multiple_regression!$O$23*dummy_variables!$D$90+multiple_regression!$O$24*dummy_variables!$E$90+multiple_regression!$O$25*dummy_variables!$F$90+multiple_regression!$O$26*dummy_variables!$G$90+multiple_regression!$O$27*dummy_variables!$H$90+multiple_regression!$O$28*dummy_variables!$I$90 -> 648663.63 | G90: =E90-F90 -> -36896.914
A91: =cleaned_data!$A$91 -> STR-1022 | B91: =cleaned_data!$B$91 -> 2025-03-01 | C91: =cleaned_data!$C$91 -> West | D91: =cleaned_data!$D$91 -> High Street | E91: =cleaned_data!$M$91 -> 614596.32 | F91: =multiple_regression!$O$18+multiple_regression!$O$19*cleaned_data!$F$91+multiple_regression!$O$20*cleaned_data!$E$91+multiple_regression!$O$21*cleaned_data!$I$91+multiple_regression!$O$22*cleaned_data!$H$91+multiple_regression!$O$23*dummy_variables!$D$91+multiple_regression!$O$24*dummy_variables!$E$91+multiple_regression!$O$25*dummy_variables!$F$91+multiple_regression!$O$26*dummy_variables!$G$91+multiple_regression!$O$27*dummy_variables!$H$91+multiple_regression!$O$28*dummy_variables!$I$91 -> 620240.38 | G91: =E91-F91 -> -5644.0619
A92: =cleaned_data!$A$92 -> STR-1022 | B92: =cleaned_data!$B$92 -> 2025-04-01 | C92: =cleaned_data!$C$92 -> West | D92: =cleaned_data!$D$92 -> High Street | E92: =cleaned_data!$M$92 -> 450711.92 | F92: =multiple_regression!$O$18+multiple_regression!$O$19*cleaned_data!$F$92+multiple_regression!$O$20*cleaned_data!$E$92+multiple_regression!$O$21*cleaned_data!$I$92+multiple_regression!$O$22*cleaned_data!$H$92+multiple_regression!$O$23*dummy_variables!$D$92+multiple_regression!$O$24*dummy_variables!$E$92+multiple_regression!$O$25*dummy_variables!$F$92+multiple_regression!$O$26*dummy_variables!$G$92+multiple_regression!$O$27*dummy_variables!$H$92+multiple_regression!$O$28*dummy_variables!$I$92 -> 465952.4 | G92: =E92-F92 -> -15240.479
A93: =cleaned_data!$A$93 -> STR-1023 | B93: =cleaned_data!$B$93 -> 2025-01-01 | C93: =cleaned_data!$C$93 -> South | D93: =cleaned_data!$D$93 -> Mall | E93: =cleaned_data!$M$93 -> 711213.46 | F93: =multiple_regression!$O$18+multiple_regression!$O$19*cleaned_data!$F$93+multiple_regression!$O$20*cleaned_data!$E$93+multiple_regression!$O$21*cleaned_data!$I$93+multiple_regression!$O$22*cleaned_data!$H$93+multiple_regression!$O$23*dummy_variables!$D$93+multiple_regression!$O$24*dummy_variables!$E$93+multiple_regression!$O$25*dummy_variables!$F$93+multiple_regression!$O$26*dummy_variables!$G$93+multiple_regression!$O$27*dummy_variables!$H$93+multiple_regression!$O$28*dummy_variables!$I$93 -> 686807.6 | G93: =E93-F93 -> 24405.863
A94: =cleaned_data!$A$94 -> STR-1023 | B94: =cleaned_data!$B$94 -> 2025-02-01 | C94: =cleaned_data!$C$94 -> South | D94: =cleaned_data!$D$94 -> Mall | E94: =cleaned_data!$M$94 -> 627171.9 | F94: =multiple_regression!$O$18+multiple_regression!$O$19*cleaned_data!$F$94+multiple_regression!$O$20*cleaned_data!$E$94+multiple_regression!$O$21*cleaned_data!$I$94+multiple_regression!$O$22*cleaned_data!$H$94+multiple_regression!$O$23*dummy_variables!$D$94+multiple_regression!$O$24*dummy_variables!$E$94+multiple_regression!$O$25*dummy_variables!$F$94+multiple_regression!$O$26*dummy_variables!$G$94+multiple_regression!$O$27*dummy_variables!$H$94+multiple_regression!$O$28*dummy_variables!$I$94 -> 753497.85 | G94: =E94-F94 -> -126325.95
A95: =cleaned_data!$A$95 -> STR-1023 | B95: =cleaned_data!$B$95 -> 2025-03-01 | C95: =cleaned_data!$C$95 -> South | D95: =cleaned_data!$D$95 -> Mall | E95: =cleaned_data!$M$95 -> 739852.58 | F95: =multiple_regression!$O$18+multiple_regression!$O$19*cleaned_data!$F$95+multiple_regression!$O$20*cleaned_data!$E$95+multiple_regression!$O$21*cleaned_data!$I$95+multiple_regression!$O$22*cleaned_data!$H$95+multiple_regression!$O$23*dummy_variables!$D$95+multiple_regression!$O$24*dummy_variables!$E$95+multiple_regression!$O$25*dummy_variables!$F$95+multiple_regression!$O$26*dummy_variables!$G$95+multiple_regression!$O$27*dummy_variables!$H$95+multiple_regression!$O$28*dummy_variables!$I$95 -> 729076.48 | G95: =E95-F95 -> 10776.095
A96: =cleaned_data!$A$96 -> STR-1023 | B96: =cleaned_data!$B$96 -> 2025-04-01 | C96: =cleaned_data!$C$96 -> South | D96: =cleaned_data!$D$96 -> Mall | E96: =cleaned_data!$M$96 -> 586307.22 | F96: =multiple_regression!$O$18+multiple_regression!$O$19*cleaned_data!$F$96+multiple_regression!$O$20*cleaned_data!$E$96+multiple_regression!$O$21*cleaned_data!$I$96+multiple_regression!$O$22*cleaned_data!$H$96+multiple_regression!$O$23*dummy_variables!$D$96+multiple_regression!$O$24*dummy_variables!$E$96+multiple_regression!$O$25*dummy_variables!$F$96+multiple_regression!$O$26*dummy_variables!$G$96+multiple_regression!$O$27*dummy_variables!$H$96+multiple_regression!$O$28*dummy_variables!$I$96 -> 565330.32 | G96: =E96-F96 -> 20976.901
A97: =cleaned_data!$A$97 -> STR-1024 | B97: =cleaned_data!$B$97 -> 2025-01-01 | C97: =cleaned_data!$C$97 -> West | D97: =cleaned_data!$D$97 -> Residential | E97: =cleaned_data!$M$97 -> 585937.48 | F97: =multiple_regression!$O$18+multiple_regression!$O$19*cleaned_data!$F$97+multiple_regression!$O$20*cleaned_data!$E$97+multiple_regression!$O$21*cleaned_data!$I$97+multiple_regression!$O$22*cleaned_data!$H$97+multiple_regression!$O$23*dummy_variables!$D$97+multiple_regression!$O$24*dummy_variables!$E$97+multiple_regression!$O$25*dummy_variables!$F$97+multiple_regression!$O$26*dummy_variables!$G$97+multiple_regression!$O$27*dummy_variables!$H$97+multiple_regression!$O$28*dummy_variables!$I$97 -> 593721.37 | G97: =E97-F97 -> -7783.8919
A98: =cleaned_data!$A$98 -> STR-1024 | B98: =cleaned_data!$B$98 -> 2025-02-01 | C98: =cleaned_data!$C$98 -> West | D98: =cleaned_data!$D$98 -> Residential | E98: =cleaned_data!$M$98 -> 753473.55 | F98: =multiple_regression!$O$18+multiple_regression!$O$19*cleaned_data!$F$98+multiple_regression!$O$20*cleaned_data!$E$98+multiple_regression!$O$21*cleaned_data!$I$98+multiple_regression!$O$22*cleaned_data!$H$98+multiple_regression!$O$23*dummy_variables!$D$98+multiple_regression!$O$24*dummy_variables!$E$98+multiple_regression!$O$25*dummy_variables!$F$98+multiple_regression!$O$26*dummy_variables!$G$98+multiple_regression!$O$27*dummy_variables!$H$98+multiple_regression!$O$28*dummy_variables!$I$98 -> 688853.47 | G98: =E98-F98 -> 64620.078
A99: =cleaned_data!$A$99 -> STR-1024 | B99: =cleaned_data!$B$99 -> 2025-03-01 | C99: =cleaned_data!$C$99 -> West | D99: =cleaned_data!$D$99 -> Residential | E99: =cleaned_data!$M$99 -> 838250.32 | F99: =multiple_regression!$O$18+multiple_regression!$O$19*cleaned_data!$F$99+multiple_regression!$O$20*cleaned_data!$E$99+multiple_regression!$O$21*cleaned_data!$I$99+multiple_regression!$O$22*cleaned_data!$H$99+multiple_regression!$O$23*dummy_variables!$D$99+multiple_regression!$O$24*dummy_variables!$E$99+multiple_regression!$O$25*dummy_variables!$F$99+multiple_regression!$O$26*dummy_variables!$G$99+multiple_regression!$O$27*dummy_variables!$H$99+multiple_regression!$O$28*dummy_variables!$I$99 -> 758165.46 | G99: =E99-F99 -> 80084.863
A100: =cleaned_data!$A$100 -> STR-1024 | B100: =cleaned_data!$B$100 -> 2025-04-01 | C100: =cleaned_data!$C$100 -> West | D100: =cleaned_data!$D$100 -> Residential | E100: =cleaned_data!$M$100 -> 607898.12 | F100: =multiple_regression!$O$18+multiple_regression!$O$19*cleaned_data!$F$100+multiple_regression!$O$20*cleaned_data!$E$100+multiple_regression!$O$21*cleaned_data!$I$100+multiple_regression!$O$22*cleaned_data!$H$100+multiple_regression!$O$23*dummy_variables!$D$100+multiple_regression!$O$24*dummy_variables!$E$100+multiple_regression!$O$25*dummy_variables!$F$100+multiple_regression!$O$26*dummy_variables!$G$100+multiple_regression!$O$27*dummy_variables!$H$100+multiple_regression!$O$28*dummy_variables!$I$100 -> 615607.37 | G100: =E100-F100 -> -7709.2451
A101: =cleaned_data!$A$101 -> STR-1025 | B101: =cleaned_data!$B$101 -> 2025-01-01 | C101: =cleaned_data!$C$101 -> West | D101: =cleaned_data!$D$101 -> Mall | E101: =cleaned_data!$M$101 -> 691113.62 | F101: =multiple_regression!$O$18+multiple_regression!$O$19*cleaned_data!$F$101+multiple_regression!$O$20*cleaned_data!$E$101+multiple_regression!$O$21*cleaned_data!$I$101+multiple_regression!$O$22*cleaned_data!$H$101+multiple_regression!$O$23*dummy_variables!$D$101+multiple_regression!$O$24*dummy_variables!$E$101+multiple_regression!$O$25*dummy_variables!$F$101+multiple_regression!$O$26*dummy_variables!$G$101+multiple_regression!$O$27*dummy_variables!$H$101+multiple_regression!$O$28*dummy_variables!$I$101 -> 717324.06 | G101: =E101-F101 -> -26210.444
...

Sheet model_comparison
A1: MODEL COMPARISON SUMMARY
A2: All R-squared and significance values pulled live from simple_regression and multiple_regression sheets.
A4: Model | B4: Variables Used | C4: R-squared | D4: Key p-value | E4: Significant? | F4: Notes
A5: Simple Regression 1 | B5: monthly_sales ~ footfall | C5: =simple_regression!$B$8 -> 0.73628534 | D5: =simple_regression!$B$12 -> 4.7503615e-94 | E5: =IF(simple_regression!$B$12<0.05,"Yes","No") -> Yes | F5: Strongest single predictor; high explanatory power alone
A6: Simple Regression 2 | B6: monthly_sales ~ marketing_spend | C6: =simple_regression!$B$19 -> 0.16724469 | D6: =simple_regression!$B$23 -> 2.4800615e-14 | E6: =IF(simple_regression!$B$23<0.05,"Yes","No") -> Yes | F6: Significant but explains far less variance alone
A7: Simple Regression 3 | B7: monthly_sales ~ staff_count | C7: =simple_regression!$B$30 -> 0.65229045 | D7: =simple_regression!$B$34 -> 6.2501018e-75 | E7: =IF(simple_regression!$B$34<0.05,"Yes","No") -> Yes | F7: Strong alone, but correlated with footfall (overlap)
A8: Simple Regression 4 | B8: monthly_sales ~ avg_discount_pct | C8: =simple_regression!$B$41 -> 0.008290503 | D8: =simple_regression!$B$45 -> 0.10399305 | E8: =IF(simple_regression!$B$45<0.05,"Yes","No") -> No | F8: Not statistically significant on its own
A9: Multiple Regression (FINAL) | B9: footfall + marketing_spend + inventory_availability_pct + staff_count + store_type dummies + region dummies | C9: =multiple_regression!$O$30 -> 0.82955523 | D9: see notes | E9: Mostly Yes | F9: Best overall fit; selected as final model
